11.34844,44.64219,PhotoRed
11.46711,45.61414,PhotoRed
11.93078,45.56578,PhotoRed
7.78972,44.63639,PhotoRed
9.10222,45.00422,PhotoRed
7.78936,44.63597,PhotoRed
7.72022,45.24931,PhotoRed
8.53217,45.30183,PhotoRed
10.58144,45.31864,PhotoRed
10.37369,45.53019,PhotoRed
8.94736,45.03925,PhotoRed
10.41081,45.47528,PhotoRed
9.09514,45.42736,PhotoRed
10.41997,45.22028,PhotoRed
9.10181,45.00383,PhotoRed
9.11794,45.01311,PhotoRed
10.42003,45.22078,PhotoRed
11.40114,44.70139,PhotoRed
9.49722,45.19281,PhotoRed
8.93683,45.68256,PhotoRed
11.40153,44.49489,PhotoRed
8.86033,45.51467,PhotoRed
11.70292,44.35389,PhotoRed
8.91375,45.62583,PhotoRed
11.63978,44.38228,PhotoRed
11.64081,44.38189,PhotoRed
8.86811,45.66508,PhotoRed
8.87617,45.66661,PhotoRed
8.93675,45.68228,PhotoRed
9.12656,45.35319,PhotoRed
9.04536,45.40833,PhotoRed
9.09556,45.42750,PhotoRed
11.38222,44.48044,PhotoRed
10.29344,44.80853,PhotoRed
9.11219,45.44144,PhotoRed
9.11306,45.44208,PhotoRed
9.13078,45.49719,PhotoRed
18.32397,39.98006,PhotoRed
18.34436,40.27931,PhotoRed
18.30403,40.29225,PhotoRed
9.29572,45.43633,PhotoRed
9.15647,45.51639,PhotoRed
9.20100,45.79636,PhotoRed
9.10564,45.86450,PhotoRed
9.28708,45.81364,PhotoRed
9.39842,45.25408,PhotoRed
9.55425,45.66622,PhotoRed
9.64214,45.73203,PhotoRed
10.55928,45.61819,PhotoRed
10.13911,43.98133,PhotoRed
10.81011,43.87178,PhotoRed
10.90044,43.93125,PhotoRed
11.95122,42.02511,PhotoRed
10.29392,44.80847,PhotoRed
10.89014,44.62050,PhotoRed
11.38247,44.48072,PhotoRed
11.40197,44.49497,PhotoRed
11.40225,44.47297,PhotoRed
11.40350,44.46244,PhotoRed
11.41372,44.46861,PhotoRed
10.89942,44.65747,PhotoRed
10.90114,44.65658,PhotoRed
10.90586,44.64478,PhotoRed
10.92239,44.66725,PhotoRed
11.13889,44.78811,PhotoRed
10.31383,45.51158,PhotoRed
10.36369,45.50439,PhotoRed
10.39689,45.49872,PhotoRed
10.17911,45.53200,PhotoRed
10.20839,45.56114,PhotoRed
10.37342,45.53000,PhotoRed
10.38736,45.54264,PhotoRed
10.41039,45.47528,PhotoRed
10.55869,45.61806,PhotoRed
10.66453,45.69072,PhotoRed
11.06247,45.84083,PhotoRed
11.46558,44.44894,PhotoRed
11.47583,44.44503,PhotoRed
11.63578,44.38389,PhotoRed
11.68728,44.36394,PhotoRed
11.70306,44.35431,PhotoRed
11.72456,44.35081,PhotoRed
11.72689,44.34644,PhotoRed
11.79822,44.32017,PhotoRed
11.68892,45.20258,PhotoRed
11.96886,45.49044,PhotoRed
11.87425,45.54050,PhotoRed
11.96453,45.53100,PhotoRed
11.69039,45.45819,PhotoRed
12.23461,45.55825,PhotoRed
12.23503,45.56161,PhotoRed
15.63989,38.09822,PhotoRed
15.64164,38.10125,PhotoRed
15.64233,38.10161,PhotoRed
15.65097,38.09444,PhotoRed
15.65161,38.09447,PhotoRed
15.65417,38.02431,PhotoRed
13.56733,41.22061,PhotoRed
14.08175,41.00675,PhotoRed
14.25786,41.08989,PhotoRed
14.27706,40.90203,PhotoRed
14.27842,40.89303,PhotoRed
13.87097,41.12186,PhotoRed
13.87181,41.12125,PhotoRed
14.32528,41.04972,PhotoRed
14.46983,41.00983,PhotoRed
8.24097,44.10872,PhotoRed
10.44253,45.58647,PhotoRed
18.35683,39.83497,PhotoRed
18.32392,39.98025,PhotoRed
18.32492,39.97714,PhotoRed
18.34347,40.27892,PhotoRed
8.87686,45.70508,PhotoRed
11.37806,44.64722,PhotoRed
15.63972,38.09881,PhotoRed
15.73117,41.70139,PhotoRed
12.49656,41.86692,PhotoRed
9.22869,44.34892,PhotoRed
9.22442,44.35094,PhotoRed
9.12986,45.49803,PhotoRed
9.13964,45.51911,PhotoRed
9.14178,45.51947,PhotoRed
9.15608,45.51689,PhotoRed
8.86842,45.66431,PhotoRed
10.44264,45.58708,PhotoRed
12.12639,42.13222,PhotoRed
11.09583,43.77136,PhotoRed
10.36772,45.19817,PhotoRed
10.83875,45.16658,PhotoRed
11.02339,44.78778,PhotoRed
11.64447,45.22900,PhotoRed
11.45222,45.51233,PhotoRed
12.63906,42.55856,PhotoRed
9.12486,39.21819,PhotoRed
14.97661,40.44989,PhotoRed
11.02342,44.78733,PhotoRed
15.65544,38.11769,PhotoRed
8.16600,45.49056,PhotoRed
9.10522,45.86425,PhotoRed
11.13944,44.78819,PhotoRed
9.10286,45.42939,PhotoRed
10.58264,45.31842,PhotoRed
10.67178,45.25447,PhotoRed
8.92736,45.58842,PhotoRed
9.10336,45.32944,PhotoRed
8.16519,45.49103,PhotoRed
11.22300,43.79725,PhotoRed
11.42278,44.49828,PhotoRed
9.13594,45.64381,PhotoRed
9.11289,45.43550,PhotoRed
9.10828,45.43328,PhotoRed
10.99322,43.87058,PhotoRed
11.09603,43.77167,PhotoRed
10.68822,43.87925,PhotoRed
10.68881,43.89703,PhotoRed
8.91500,45.60333,PhotoRed
9.28633,45.81358,PhotoRed
9.07864,45.42883,PhotoRed
10.23200,45.53669,PhotoRed
11.82797,45.65036,PhotoRed
11.10589,43.76969,PhotoRed
11.09631,43.77136,PhotoRed
10.68828,43.87944,PhotoRed
10.99294,43.87003,PhotoRed
11.09053,43.87331,PhotoRed
11.09478,43.87406,PhotoRed
11.09828,43.87036,PhotoRed
10.01261,44.07739,PhotoRed
10.68883,43.89739,PhotoRed
12.36703,43.09278,PhotoRed
8.09736,45.23064,PhotoRed
8.54308,45.45403,PhotoRed
8.74886,45.31008,PhotoRed
9.14675,45.18397,PhotoRed
9.10336,45.32881,PhotoRed
9.20431,45.03919,PhotoRed
12.37894,43.10869,PhotoRed
12.38433,43.10967,PhotoRed
9.03389,45.53639,PhotoRed
10.36667,45.20069,PhotoRed
10.67372,45.25439,PhotoRed
8.85022,45.51067,PhotoRed
8.85706,45.52047,PhotoRed
8.84947,45.52486,PhotoRed
8.92797,45.58897,PhotoRed
9.03333,45.53625,PhotoRed
8.91528,45.60306,PhotoRed
8.74508,45.30542,PhotoRed
10.11903,45.53303,PhotoRed
10.17767,45.54650,PhotoRed
10.21125,45.53944,PhotoRed
10.21333,45.53450,PhotoRed
10.23786,45.56753,PhotoRed
9.12525,39.22542,PhotoRed
9.13217,39.22886,PhotoRed
7.75742,45.14083,PhotoRed
11.27744,43.76686,PhotoRed
11.29350,43.81742,PhotoRed
11.45275,45.51261,PhotoRed
11.69078,45.45881,PhotoRed
9.44361,45.54394,PhotoRed
9.42922,45.69594,PhotoRed
11.82736,45.65025,PhotoRed
10.45397,45.60158,PhotoRed
12.39175,43.09586,PhotoRed
12.38797,43.09789,PhotoRed
12.36656,43.10722,PhotoRed
12.37847,43.10825,PhotoRed
12.22983,45.55839,PhotoRed
12.25139,45.75861,PhotoRed
12.65611,42.56486,PhotoRed
17.56594,40.30569,PhotoRed
18.30531,39.96503,PhotoRed
18.14472,40.38475,PhotoRed
9.30378,45.54225,PhotoRed
9.30372,45.54278,PhotoRed
9.15192,45.48992,PhotoRed
9.19775,45.46219,PhotoRed
11.44292,44.73819,PhotoRed
11.59214,44.40181,PhotoRed
9.18606,45.55372,PhotoRed
9.11672,45.76361,PhotoRed
11.48119,44.44303,PhotoRed
7.75633,45.13064,PhotoRed
8.66925,45.34969,PhotoRed
9.31322,45.15981,PhotoRed
10.50800,45.59169,PhotoRed
11.27242,44.47447,PhotoRed
7.54375,45.26008,PhotoRed
8.00228,45.44369,PhotoRed
10.21117,45.29997,PhotoRed
8.12078,45.50611,PhotoRed
8.77867,45.58011,PhotoRed
8.97150,45.78319,PhotoRed
8.96628,45.78383,PhotoRed
14.37275,41.12792,PhotoRed
16.07128,39.13217,PhotoRed
18.31031,40.36789,PhotoRed
11.29250,44.48633,PhotoRed
10.67319,43.81581,PhotoRed
9.05381,45.41278,PhotoRed
9.88986,45.60067,PhotoRed
11.57533,45.64222,PhotoRed
9.58417,45.72222,PhotoRed
9.04628,45.53817,PhotoRed
12.84131,45.95492,PhotoRed
9.15389,45.18153,PhotoRed
11.11022,44.28044,PhotoRed
11.11033,44.28122,PhotoRed
11.12853,44.51242,PhotoRed
9.40950,45.65272,PhotoRed
11.86375,44.27989,PhotoRed
11.03394,44.47897,PhotoRed
11.02050,44.53181,PhotoRed
10.92725,44.62225,PhotoRed
9.07119,45.41747,PhotoRed
9.08883,45.43272,PhotoRed
9.09003,45.43328,PhotoRed
9.14486,45.17114,PhotoRed
8.78356,45.55586,PhotoRed
8.78606,45.55039,PhotoRed
9.85689,45.57067,PhotoRed
9.92286,45.61572,PhotoRed
10.22897,45.55250,PhotoRed
15.90075,41.63767,PhotoRed
10.20125,45.64864,PhotoRed
14.02325,41.07758,PhotoRed
7.47142,44.91497,PhotoRed
10.38525,43.44269,PhotoRed
12.17778,44.82333,PhotoRed
7.62575,44.97781,PhotoRed
10.95467,44.53081,PhotoRed
14.32544,41.05217,PhotoRed
7.79928,45.33069,PhotoRed
11.01047,44.46953,PhotoRed
8.78042,45.57236,PhotoRed
9.21533,45.70706,PhotoRed
9.36350,45.51894,PhotoRed
12.01219,45.86856,PhotoRed
11.32161,44.50106,PhotoRed
10.16981,44.88375,PhotoRed
9.04806,45.33403,PhotoRed
7.86658,45.45603,PhotoRed
8.77514,45.54817,PhotoRed
8.85664,45.60372,PhotoRed
8.92597,45.57178,PhotoRed
8.97608,45.77778,PhotoRed
9.20189,45.79628,PhotoRed
9.85272,45.51069,PhotoRed
14.02075,41.08122,PhotoRed
17.54867,40.30003,PhotoRed
18.17922,40.33422,PhotoRed
11.70767,44.36181,PhotoRed
11.54122,44.94286,PhotoRed
12.62689,45.96811,PhotoRed
11.76936,45.69747,PhotoRed
8.35308,44.59953,PhotoRed
8.35356,44.60178,PhotoRed
7.51567,44.99228,PhotoRed
7.77494,45.13564,PhotoRed
9.08356,45.43067,PhotoRed
10.08078,45.41817,PhotoRed
10.84997,45.09644,PhotoRed
9.18581,45.76822,PhotoRed
15.92592,41.63717,PhotoRed
11.26297,43.78272,PhotoRed
11.69189,44.34478,PhotoRed
11.71294,44.34583,PhotoRed
11.26797,44.47972,PhotoRed
11.46325,45.23183,PhotoRed
10.08094,45.41858,PhotoRed
10.41586,45.51158,PhotoRed
10.20108,45.64900,PhotoRed
11.29200,44.50458,PhotoRed
11.30856,43.76508,PhotoRed
11.22894,44.53356,PhotoRed
7.80278,45.02567,PhotoRed
7.90450,45.46944,PhotoRed
8.87617,45.55231,PhotoRed
8.66450,45.89531,PhotoRed
10.20161,45.62406,PhotoRed
10.40400,45.55247,PhotoRed
16.31031,41.22656,PhotoRed
11.27114,44.51892,PhotoRed
11.32728,44.49700,PhotoRed
11.35769,44.48756,PhotoRed
11.36244,44.50261,PhotoRed
11.36336,44.54800,PhotoRed
11.36875,44.59242,PhotoRed
12.85378,45.91633,PhotoRed
9.25569,45.43556,PhotoRed
14.27914,40.93672,PhotoRed
10.73714,45.13378,PhotoRed
11.36194,44.50267,PhotoRed
11.17586,46.63728,PhotoRed
8.53783,39.31031,PhotoRed
10.46147,43.72522,PhotoRed
10.76444,43.88514,PhotoRed
10.98117,43.85336,PhotoRed
10.99031,43.86714,PhotoRed
11.16439,44.41083,PhotoRed
11.24817,44.39914,PhotoRed
7.46806,45.04158,PhotoRed
7.46908,45.04189,PhotoRed
7.76156,45.13978,PhotoRed
7.76889,44.96856,PhotoRed
7.77086,44.96733,PhotoRed
7.83750,44.92217,PhotoRed
10.78983,45.18917,PhotoRed
7.87872,45.45336,PhotoRed
9.21439,45.46758,PhotoRed
9.17531,45.52322,PhotoRed
9.13678,45.61494,PhotoRed
9.51319,45.52469,PhotoRed
9.51703,45.52606,PhotoRed
13.56653,41.22828,PhotoRed
12.74994,43.29136,PhotoRed
14.62319,37.03969,PhotoRed
18.39653,40.30731,PhotoRed
11.69631,44.34706,PhotoRed
11.59850,44.39828,PhotoRed
11.42414,44.49819,PhotoRed
11.43556,44.50150,PhotoRed
11.84039,44.30311,PhotoRed
9.66931,45.06147,PhotoRed
8.67417,45.87417,PhotoRed
9.18089,45.45722,PhotoRed
8.82528,45.65894,PhotoRed
11.40508,45.72089,PhotoRed
9.04967,45.33214,PhotoRed
10.09417,45.27411,PhotoRed
8.46386,45.45400,PhotoRed
8.82347,45.45469,PhotoRed
9.56711,45.49150,PhotoRed
9.45394,45.68397,PhotoRed
13.92878,42.04822,PhotoRed
13.92044,42.04975,PhotoRed
18.18467,40.34758,PhotoRed
18.18478,40.34800,PhotoRed
11.36742,44.48264,PhotoRed
11.37325,44.49961,PhotoRed
12.17500,44.16639,PhotoRed
12.80294,43.68883,PhotoRed
12.81467,43.69125,PhotoRed
10.91231,43.93344,PhotoRed
11.18056,43.81006,PhotoRed
10.91181,43.93181,PhotoRed
12.62686,45.96769,PhotoRed
15.55714,38.19700,PhotoRed
12.91597,43.91200,PhotoRed
10.20972,43.96956,PhotoRed
7.60342,44.96039,PhotoRed
9.12131,45.44514,PhotoRed
9.13764,45.46742,PhotoRed
9.71661,45.69603,PhotoRed
9.08464,45.43119,PhotoRed
11.18000,43.80931,PhotoRed
9.14450,45.48533,PhotoRed
9.13425,45.06917,PhotoRed
10.96211,43.59950,PhotoRed
10.97550,43.60308,PhotoRed
10.79286,43.68625,PhotoRed
10.83614,43.69464,PhotoRed
8.66583,45.89547,PhotoRed
8.67411,45.87497,PhotoRed
8.67489,45.87425,PhotoRed
9.04722,45.53761,PhotoRed
9.17575,45.52369,PhotoRed
8.09778,45.23028,PhotoRed
7.90331,45.46933,PhotoRed
7.87881,45.45286,PhotoRed
7.86767,45.45656,PhotoRed
9.13364,45.06958,PhotoRed
9.20475,45.03925,PhotoRed
9.39803,45.25464,PhotoRed
10.46206,43.72506,PhotoRed
10.81978,43.86072,PhotoRed
10.76431,43.88556,PhotoRed
10.99039,43.86669,PhotoRed
10.99089,43.86678,PhotoRed
10.98128,43.85286,PhotoRed
11.30889,43.76506,PhotoRed
14.02106,41.08069,PhotoRed
14.02358,41.07697,PhotoRed
14.27889,40.93683,PhotoRed
14.62339,37.04017,PhotoRed
14.62286,37.03994,PhotoRed
14.63014,37.05417,PhotoRed
14.63042,37.05458,PhotoRed
14.63072,37.05425,PhotoRed
17.36600,40.43992,PhotoRed
17.54931,40.30003,PhotoRed
17.56600,40.30661,PhotoRed
18.17911,40.33444,PhotoRed
18.30469,39.96497,PhotoRed
18.13339,40.38772,PhotoRed
16.53483,41.12900,PhotoRed
15.92606,41.63744,PhotoRed
15.90144,41.63764,PhotoRed
15.90100,41.63742,PhotoRed
15.89314,41.61236,PhotoRed
15.89264,41.61183,PhotoRed
15.89311,41.61206,PhotoRed
13.64964,43.28703,PhotoRed
13.64972,43.28747,PhotoRed
12.91528,43.91247,PhotoRed
11.83983,44.30339,PhotoRed
11.35794,44.48728,PhotoRed
11.36814,44.47814,PhotoRed
11.36328,44.54833,PhotoRed
11.36875,44.59269,PhotoRed
11.37833,44.64783,PhotoRed
11.40128,44.70164,PhotoRed
11.34786,44.64250,PhotoRed
11.22972,44.53328,PhotoRed
11.24806,44.39831,PhotoRed
11.27075,44.51903,PhotoRed
11.29119,44.50472,PhotoRed
11.32181,44.50139,PhotoRed
11.29294,44.48661,PhotoRed
11.27244,44.47347,PhotoRed
11.26653,44.47931,PhotoRed
10.93983,44.64056,PhotoRed
11.12778,44.51258,PhotoRed
11.03408,44.47933,PhotoRed
11.01042,44.46969,PhotoRed
11.02058,44.53206,PhotoRed
10.94147,44.63061,PhotoRed
10.90269,44.63422,PhotoRed
10.83967,45.16697,PhotoRed
10.73694,45.13389,PhotoRed
11.54278,44.94253,PhotoRed
11.57542,45.64267,PhotoRed
9.92308,45.61622,PhotoRed
9.35972,45.51833,PhotoRed
9.56689,45.69172,PhotoRed
9.18511,45.76867,PhotoRed
8.92886,44.40831,PhotoRed
11.36725,44.48283,PhotoRed
11.36564,44.48561,PhotoRed
11.71528,44.36431,PhotoRed
11.71264,44.34583,PhotoRed
11.47694,44.44467,PhotoRed
8.82581,45.65917,PhotoRed
8.82542,45.65925,PhotoRed
9.15306,45.18164,PhotoRed
9.14675,45.18442,PhotoRed
11.70722,44.36167,PhotoRed
11.59139,44.40197,PhotoRed
11.59789,44.39847,PhotoRed
10.67178,43.81550,PhotoRed
10.67244,43.81564,PhotoRed
9.45097,45.68172,PhotoRed
12.34583,41.73656,PhotoRed
12.36986,41.75500,PhotoRed
12.38369,41.76561,PhotoRed
12.57022,41.85225,PhotoRed
12.57553,41.89483,PhotoRed
18.12592,40.39072,PhotoRed
11.92133,45.60719,PhotoRed
12.43744,41.89372,PhotoRed
12.43767,41.89447,PhotoRed
12.47097,41.85856,PhotoRed
12.57136,41.85581,PhotoRed
9.28239,45.39639,PhotoRed
11.80611,45.58817,PhotoRed
12.20389,45.71281,PhotoRed
11.35836,44.48314,PhotoRed
10.40725,43.71678,PhotoRed
12.14442,45.78614,PhotoRed
12.16483,45.79281,PhotoRed
10.34169,43.76489,PhotoRed
9.17058,45.18169,PhotoRed
9.16250,45.19058,PhotoRed
11.89275,45.54067,PhotoRed
8.47250,44.70356,PhotoRed
11.74347,43.27414,PhotoRed
10.36931,43.78525,PhotoRed
10.39175,43.78008,PhotoRed
10.89981,43.92692,PhotoRed
10.91267,43.93794,PhotoRed
10.46306,44.84692,PhotoRed
10.87356,44.79311,PhotoRed
9.10597,45.31739,PhotoRed
9.16656,45.19331,PhotoRed
9.73639,45.73786,PhotoRed
18.01414,40.05786,PhotoRed
18.01597,40.05794,PhotoRed
12.08389,45.63203,PhotoRed
9.06797,45.48639,PhotoRed
8.94497,44.61592,PhotoRed
8.89203,44.70617,PhotoRed
11.11006,43.80211,PhotoRed
11.27719,44.48919,PhotoRed
11.27786,44.48711,PhotoRed
11.36597,44.49214,PhotoRed
9.22736,45.56892,PhotoRed
8.50497,44.66231,PhotoRed
9.12353,45.41636,PhotoRed
10.43681,43.73019,PhotoRed
11.09669,43.78603,PhotoRed
7.52661,45.09778,PhotoRed
8.87111,45.54953,PhotoRed
11.27703,44.47819,PhotoRed
11.27778,44.47794,PhotoRed
10.41269,43.77689,PhotoRed
10.41331,43.77681,PhotoRed
10.49503,45.61119,PhotoRed
9.11250,45.43539,PhotoRed
11.09708,43.78592,PhotoRed
9.08697,44.45017,PhotoRed
7.51539,45.10933,PhotoRed
7.51636,45.10872,PhotoRed
7.52661,45.09881,PhotoRed
9.16972,45.20069,PhotoRed
9.48192,45.18703,PhotoRed
9.49461,45.18172,PhotoRed
9.22086,45.69350,PhotoRed
17.99281,40.05606,PhotoRed
18.00439,40.05731,PhotoRed
11.80108,44.31897,PhotoRed
11.36167,45.71711,PhotoRed
8.10047,44.36814,PhotoRed
8.94442,44.61625,PhotoRed
8.89275,44.70650,PhotoRed
8.96169,44.40461,PhotoRed
9.89792,44.08631,PhotoRed
10.91275,43.93756,PhotoRed
11.10556,43.76972,PhotoRed
11.10961,43.80175,PhotoRed
10.93175,44.64408,PhotoRed
12.20389,45.71328,PhotoRed
18.30872,40.36961,PhotoRed
7.77511,45.13611,PhotoRed
14.27875,40.93647,PhotoRed
7.83422,45.00839,PhotoRed
12.98619,43.31589,PhotoRed
14.36203,41.17867,PhotoRed
9.21033,45.70242,PhotoRed
11.28203,43.76586,PhotoRed
10.21881,43.90244,PhotoRed
10.68894,43.90044,PhotoRed
10.97992,44.18042,PhotoRed
11.11086,44.28314,PhotoRed
11.11158,44.28364,PhotoRed
7.61339,45.23158,PhotoRed
9.42328,45.61725,PhotoRed
14.27608,40.90828,PhotoRed
16.49464,41.23967,PhotoRed
11.97522,44.41400,PhotoRed
8.44022,44.72314,PhotoRed
9.20814,45.46225,PhotoRed
9.75756,45.61603,PhotoRed
8.85936,45.86025,PhotoRed
10.86900,44.77367,PhotoRed
12.01506,45.55497,PhotoRed
10.44128,43.75908,PhotoRed
7.72383,44.85583,PhotoRed
10.44725,44.76014,PhotoRed
10.91003,44.57972,PhotoRed
7.56706,45.01494,PhotoRed
7.57350,45.24617,PhotoRed
9.00831,44.98128,PhotoRed
8.73944,45.67603,PhotoRed
9.06314,45.42297,PhotoRed
17.42294,40.62414,PhotoRed
11.36067,43.78400,PhotoRed
11.29214,44.73061,PhotoRed
11.29153,44.73103,PhotoRed
11.47747,45.70000,PhotoRed
11.89636,44.28128,PhotoRed
12.15433,45.54314,PhotoRed
8.74500,44.82725,PhotoRed
7.63997,45.18853,PhotoRed
11.77353,45.54136,PhotoRed
11.84511,45.47922,PhotoRed
12.29483,45.48678,PhotoRed
12.05683,44.21536,PhotoRed
12.02628,44.22739,PhotoRed
11.81819,45.55172,PhotoRed
11.85703,45.45539,PhotoRed
9.95733,45.65503,PhotoRed
9.03897,45.66567,PhotoRed
12.04528,44.21422,PhotoRed
9.12578,44.97467,PhotoRed
17.37453,40.34936,PhotoRed
17.35989,40.37044,PhotoRed
17.35789,40.37078,PhotoRed
17.35786,40.37119,PhotoRed
16.40894,41.27272,PhotoRed
16.37928,41.28667,PhotoRed
14.30444,40.95542,PhotoRed
11.79781,45.49536,PhotoRed
11.53350,45.22722,PhotoRed
11.41094,44.47161,PhotoRed
11.11303,44.65650,PhotoRed
11.09350,45.24258,PhotoRed
10.94056,43.65658,PhotoRed
10.93594,43.65847,PhotoRed
10.94403,43.65383,PhotoRed
10.62317,44.69917,PhotoRed
9.45081,45.20925,PhotoRed
8.84317,45.61861,PhotoRed
8.84144,45.46914,PhotoRed
8.82331,45.50586,PhotoRed
8.47669,45.54111,PhotoRed
8.31200,44.15828,PhotoRed
7.71456,44.54289,PhotoRed
7.62181,45.20122,PhotoRed
7.33831,44.88611,PhotoRed
9.19442,45.49528,PhotoRed
8.93769,45.59708,PhotoRed
10.81728,45.11164,PhotoRed
10.78558,45.11919,PhotoRed
11.96542,45.53083,PhotoRed
12.23164,45.48278,PhotoRed
12.20947,45.48497,PhotoRed
12.15431,45.54708,PhotoRed
12.01847,45.41289,PhotoRed
11.36206,44.57772,PhotoRed
10.67431,43.58678,PhotoRed
8.52881,44.75219,PhotoRed
7.78567,45.19172,PhotoRed
7.77492,45.10681,PhotoRed
7.70528,45.13781,PhotoRed
14.44308,41.02508,PhotoRed
11.57094,45.63075,PhotoRed
7.81481,44.94306,PhotoRed
17.99872,40.47964,PhotoRed
14.07111,41.01019,PhotoRed
12.38408,43.11503,PhotoRed
9.47861,45.53767,PhotoRed
10.03206,44.06589,PhotoRed
11.61033,45.22247,PhotoRed
12.33303,44.10531,PhotoRed
10.22144,45.54836,PhotoRed
9.16475,45.18433,PhotoRed
10.84967,45.09669,PhotoRed
10.86900,44.78500,PhotoRed
11.23208,44.71117,PhotoRed
18.17544,40.36272,PhotoRed
18.17492,40.36275,PhotoRed
17.10767,39.30328,PhotoRed
14.04822,41.05208,PhotoRed
13.85014,42.89775,PhotoRed
11.46425,44.51031,PhotoRed
10.91506,44.65469,PhotoRed
10.91017,44.65794,PhotoRed
10.88250,44.65686,PhotoRed
10.58331,43.67036,PhotoRed
10.20869,45.52658,PhotoRed
10.20586,43.91947,PhotoRed
9.40050,45.66742,PhotoRed
9.09669,45.54569,PhotoRed
8.92189,44.90633,PhotoRed
8.59728,45.69675,PhotoRed
7.54556,45.10314,PhotoRed
7.53369,44.99872,PhotoRed
7.33281,44.87822,PhotoRed
7.33119,44.88475,PhotoRed
8.65464,45.99633,PhotoRed
7.65531,44.63994,PhotoRed
11.21203,44.49325,PhotoRed
11.21294,44.49300,PhotoRed
7.69422,45.26342,PhotoRed
12.15522,45.47694,PhotoRed
12.23814,45.50839,PhotoRed
7.52500,44.97872,PhotoRed
8.85581,44.88964,PhotoRed
12.62572,45.96786,PhotoRed
12.62669,45.96747,PhotoRed
12.28847,46.22753,PhotoRed
16.43906,41.26614,PhotoRed
16.43875,41.26631,PhotoRed
11.52758,44.54228,PhotoRed
10.95564,44.53058,PhotoRed
10.91956,44.64869,PhotoRed
10.93386,44.63589,PhotoRed
9.99064,44.05303,PhotoRed
15.54839,41.45322,PhotoRed
13.88033,42.95261,PhotoRed
18.06575,40.14058,PhotoRed
10.62800,43.64272,PhotoRed
10.92803,44.62189,PhotoRed
11.22183,42.44244,PhotoRed
9.96242,44.11075,PhotoRed
11.43547,45.76297,PhotoRed
11.43681,45.76228,PhotoRed
8.91686,44.90728,PhotoRed
16.33433,38.30278,PhotoRed
12.25244,45.48503,PhotoRed
12.25525,45.48683,PhotoRed
12.93775,46.08497,PhotoRed
12.08192,45.33622,PhotoRed
7.52550,45.03197,PhotoRed
7.75906,45.10364,PhotoRed
12.13906,45.43992,PhotoRed
9.46772,45.57153,PhotoRed
10.77831,45.55506,PhotoRed
11.10278,43.87550,PhotoRed
13.05878,43.20906,PhotoRed
7.74400,45.30078,PhotoRed
10.61817,44.69814,PhotoRed
16.52897,41.22978,PhotoRed
14.57842,41.04444,PhotoRed
12.17072,44.43931,PhotoRed
12.21219,45.51206,PhotoRed
12.21528,44.37783,PhotoRed
8.89583,45.61475,PhotoRed
12.06622,41.97833,PhotoRed
9.09614,45.54619,PhotoRed
8.84131,45.46953,PhotoRed
8.82289,45.45453,PhotoRed
8.73897,45.67614,PhotoRed
8.87600,45.66631,PhotoRed
8.87664,45.66653,PhotoRed
8.85994,45.86061,PhotoRed
8.52603,45.80831,PhotoRed
8.11956,45.50656,PhotoRed
7.81533,44.94283,PhotoRed
7.72403,44.85514,PhotoRed
7.60400,44.96069,PhotoRed
7.77525,45.10758,PhotoRed
7.75806,45.10342,PhotoRed
7.74856,45.15225,PhotoRed
7.78614,45.19231,PhotoRed
7.74503,45.30022,PhotoRed
7.71942,45.24981,PhotoRed
7.63936,45.18875,PhotoRed
7.62231,45.19992,PhotoRed
7.61267,45.23194,PhotoRed
7.70522,45.13719,PhotoRed
7.54628,45.10314,PhotoRed
7.56333,45.01356,PhotoRed
7.52542,45.03131,PhotoRed
7.53381,44.99944,PhotoRed
7.52467,44.97811,PhotoRed
7.33722,44.88589,PhotoRed
7.33014,44.88453,PhotoRed
7.33256,44.87889,PhotoRed
7.59872,44.80256,PhotoRed
7.59767,44.80244,PhotoRed
7.65631,44.63975,PhotoRed
7.71514,44.54242,PhotoRed
8.44072,44.72253,PhotoRed
8.47317,44.70339,PhotoRed
8.50411,44.66242,PhotoRed
8.35347,44.60114,PhotoRed
8.35300,44.59892,PhotoRed
8.76569,44.42817,PhotoRed
11.33217,46.49511,PhotoRed
8.74564,44.82669,PhotoRed
8.85583,44.88892,PhotoRed
9.12650,44.97425,PhotoRed
9.00833,44.98064,PhotoRed
9.17150,45.18189,PhotoRed
9.16436,45.18497,PhotoRed
9.16700,45.19356,PhotoRed
9.16997,45.20139,PhotoRed
9.12694,45.35361,PhotoRed
9.36433,45.51931,PhotoRed
9.46706,45.57181,PhotoRed
9.40567,45.66628,PhotoRed
9.42331,45.61653,PhotoRed
9.95669,45.65489,PhotoRed
9.85178,45.51056,PhotoRed
11.15314,46.66875,PhotoRed
10.15750,44.00092,PhotoRed
10.11967,45.53294,PhotoRed
10.39706,45.49939,PhotoRed
10.41689,45.51164,PhotoRed
10.50878,45.59153,PhotoRed
10.49400,45.38806,PhotoRed
10.98742,45.42986,PhotoRed
11.36153,45.71722,PhotoRed
11.47678,45.70036,PhotoRed
11.57139,45.63206,PhotoRed
11.77394,45.54067,PhotoRed
11.79833,45.49475,PhotoRed
11.81789,45.55239,PhotoRed
11.84583,45.47831,PhotoRed
11.84603,45.47878,PhotoRed
12.08222,45.33678,PhotoRed
12.00497,45.40992,PhotoRed
12.14022,45.44017,PhotoRed
12.15419,45.47744,PhotoRed
12.15589,45.54692,PhotoRed
12.15419,45.54250,PhotoRed
12.11239,45.57014,PhotoRed
12.11308,45.56950,PhotoRed
12.08369,45.63278,PhotoRed
12.17156,45.64675,PhotoRed
12.09894,45.67850,PhotoRed
12.10031,45.67861,PhotoRed
10.64058,44.69456,PhotoRed
8.62631,44.91089,PhotoRed
17.56189,40.40469,PhotoRed
17.56658,40.40442,PhotoRed
10.00822,44.08275,PhotoRed
9.43161,45.41631,PhotoRed
7.82797,45.01581,PhotoRed
16.56828,38.77953,PhotoRed
11.27811,45.18558,PhotoRed
11.30925,44.50536,PhotoRed
7.64781,44.99575,PhotoRed
9.22539,45.68967,PhotoRed
11.44092,44.51114,PhotoRed
10.55439,43.89272,PhotoRed
11.19258,44.50069,PhotoRed
11.19167,44.50092,PhotoRed
10.44825,44.75981,PhotoRed
10.78575,45.11967,PhotoRed
10.51453,44.90272,PhotoRed
10.21111,45.30067,PhotoRed
9.89850,44.08656,PhotoRed
9.96181,44.11097,PhotoRed
10.03117,44.06633,PhotoRed
10.01308,44.07683,PhotoRed
9.99153,44.05300,PhotoRed
10.21553,43.90700,PhotoRed
10.58242,43.67039,PhotoRed
10.56872,43.60339,PhotoRed
10.68856,43.89722,PhotoRed
10.91494,43.92994,PhotoRed
10.98158,43.85342,PhotoRed
11.28161,43.76575,PhotoRed
11.24633,43.77503,PhotoRed
11.22203,43.79733,PhotoRed
10.64103,44.69486,PhotoRed
10.90978,44.57917,PhotoRed
11.41136,44.47206,PhotoRed
11.46825,44.44792,PhotoRed
11.46892,44.44772,PhotoRed
11.46364,44.51047,PhotoRed
11.44072,44.51072,PhotoRed
11.52856,44.54194,PhotoRed
11.36164,44.57697,PhotoRed
11.41181,44.88767,PhotoRed
11.42119,44.87975,PhotoRed
11.42122,44.87914,PhotoRed
11.42200,44.87956,PhotoRed
11.42186,44.87986,PhotoRed
11.61153,45.22258,PhotoRed
10.44233,43.76017,PhotoRed
12.21436,44.37800,PhotoRed
12.17128,44.43992,PhotoRed
11.97464,44.41394,PhotoRed
12.05606,44.21569,PhotoRed
12.17594,44.16603,PhotoRed
12.39922,44.09372,PhotoRed
12.39825,44.09367,PhotoRed
12.80367,43.68881,PhotoRed
12.81536,43.69158,PhotoRed
11.39142,44.56889,PhotoRed
13.88039,42.95253,PhotoRed
13.85092,42.89800,PhotoRed
7.65281,44.86475,PhotoRed
10.89325,45.29361,PhotoRed
12.11231,45.54356,PhotoRed
7.53011,45.00731,PhotoRed
7.53786,45.01083,PhotoRed
8.69800,44.91492,PhotoRed
9.29242,45.07897,PhotoRed
9.24036,45.75539,PhotoRed
12.15278,45.67258,PhotoRed
14.11139,42.51986,PhotoRed
11.33906,44.48650,PhotoRed
11.31008,44.49878,PhotoRed
11.35875,44.53928,PhotoRed
11.35533,44.50739,PhotoRed
11.36869,44.48572,PhotoRed
11.34769,44.51608,PhotoRed
11.27158,44.44464,PhotoRed
8.90819,45.50689,PhotoRed
11.42397,44.53106,PhotoRed
16.26033,38.23814,PhotoRed
11.36228,44.50525,PhotoRed
9.46458,45.64594,PhotoRed
9.48206,45.68728,PhotoRed
11.37017,44.45919,PhotoRed
7.52939,45.00744,PhotoRed
7.53731,45.01089,PhotoRed
8.78958,45.17058,PhotoRed
8.21783,44.91494,PhotoRed
12.12033,45.43342,PhotoRed
18.42139,40.29294,PhotoRed
11.74553,45.23025,PhotoRed
13.90692,42.88875,PhotoRed
9.13731,45.73756,PhotoRed
9.11458,45.74175,PhotoRed
9.14981,45.72178,PhotoRed
9.12119,45.74072,PhotoRed
8.46025,45.55392,PhotoRed
9.10039,45.54197,PhotoRed
10.21228,45.54272,PhotoRed
7.98561,44.79536,PhotoRed
14.18767,42.42814,PhotoRed
13.79056,43.18739,PhotoRed
18.01314,40.08506,PhotoRed
17.52183,40.63731,PhotoRed
9.23944,45.75614,PhotoRed
9.22583,45.68914,PhotoRed
9.28194,45.39678,PhotoRed
9.62978,45.06242,PhotoRed
9.29158,45.07889,PhotoRed
9.31558,45.27361,PhotoRed
9.49394,45.18242,PhotoRed
9.49708,45.19333,PhotoRed
9.48106,45.18694,PhotoRed
9.45058,45.21017,PhotoRed
9.43267,45.41569,PhotoRed
12.93856,46.08489,PhotoRed
12.84247,45.95494,PhotoRed
7.57425,45.24586,PhotoRed
11.88228,45.68928,PhotoRed
8.93092,45.69081,PhotoRed
8.93164,45.69019,PhotoRed
9.19061,45.57056,PhotoRed
9.19442,45.55306,PhotoRed
9.19339,45.55283,PhotoRed
9.18611,45.55300,PhotoRed
8.87639,45.70464,PhotoRed
7.74914,45.09208,PhotoRed
9.13394,45.57947,PhotoRed
9.13303,45.57942,PhotoRed
9.13350,45.57922,PhotoRed
9.13406,45.57714,PhotoRed
9.13331,45.57706,PhotoRed
9.13381,45.57678,PhotoRed
9.72111,45.34667,PhotoRed
12.05103,45.40589,PhotoRed
12.18564,45.69756,PhotoRed
11.83367,45.41508,PhotoRed
7.73633,44.98464,PhotoRed
11.86189,45.41161,PhotoRed
11.86119,45.41150,PhotoRed
11.87183,45.39839,PhotoRed
9.13344,45.57964,PhotoRed
17.26825,40.45500,PhotoRed
14.17414,42.49661,PhotoRed
12.06497,41.97878,PhotoRed
17.26797,40.45428,PhotoRed
16.46928,41.25161,PhotoRed
16.47011,41.25147,PhotoRed
11.73881,45.76847,PhotoRed
8.93553,45.59536,PhotoRed
8.93539,45.59514,PhotoRed
10.36261,45.50389,PhotoRed
10.95019,43.71772,PhotoRed
9.10142,45.54100,PhotoRed
9.06647,45.46369,PhotoRed
9.72503,45.70553,PhotoRed
9.41225,44.27406,PhotoRed
9.41300,44.27403,PhotoRed
9.61275,45.64147,PhotoRed
13.79303,43.18036,PhotoRed
12.32944,45.90186,PhotoRed
11.76222,45.72439,PhotoRed
10.89744,44.63536,PhotoRed
8.11239,45.44425,PhotoRed
8.11233,45.44494,PhotoRed
18.38872,40.03561,PhotoRed
13.91953,42.86961,PhotoRed
13.91253,42.88758,PhotoRed
9.53725,45.57181,PhotoRed
10.76822,45.14189,PhotoRed
10.76906,45.14153,PhotoRed
10.92356,43.93253,PhotoRed
8.71775,44.85228,PhotoRed
8.29039,45.44781,PhotoRed
11.29256,45.19128,PhotoRed
7.44386,45.02961,PhotoRed
11.50044,45.53011,PhotoRed
12.07411,45.30919,PhotoRed
7.68694,45.13511,PhotoRed
9.72506,45.70583,PhotoRed
9.28839,44.37933,PhotoRed
9.73836,45.69850,PhotoRed
7.68586,45.00950,PhotoRed
7.65544,45.00186,PhotoRed
8.42500,45.31875,PhotoRed
11.29447,43.81853,PhotoRed
8.42644,45.31389,PhotoRed
9.25058,45.57253,PhotoRed
13.91586,42.84869,PhotoRed
9.25839,45.57475,PhotoRed
10.23042,45.53092,PhotoRed
8.78967,45.17153,PhotoRed
18.31919,40.35267,PhotoRed
10.61808,44.70300,PhotoRed
10.57731,43.67342,PhotoRed
9.96722,45.56767,PhotoRed
12.65764,43.99231,PhotoRed
8.96056,45.56847,PhotoRed
18.13936,40.12939,PhotoRed
11.14578,43.81736,PhotoRed
11.34058,43.76983,PhotoRed
11.50839,44.43269,PhotoRed
13.00903,43.84889,PhotoRed
13.00969,43.84853,PhotoRed
7.68714,45.13469,PhotoRed
15.90464,41.26803,PhotoRed
15.90525,41.26792,PhotoRed
11.92053,45.78956,PhotoRed
11.92133,45.78969,PhotoRed
12.16456,45.79250,PhotoRed
12.16411,45.79283,PhotoRed
12.16400,45.79258,PhotoRed
11.68817,44.36369,PhotoRed
11.23556,46.04033,PhotoRed
7.88031,43.83958,PhotoRed
7.87958,43.83942,PhotoRed
9.20883,45.67617,PhotoRed
10.22042,45.54644,PhotoRed
12.23828,45.47961,PhotoRed
9.13008,45.25322,PhotoRed
9.32542,44.31422,PhotoRed
9.22908,45.82081,PhotoRed
11.95522,45.63450,PhotoRed
11.95533,45.63331,PhotoRed
12.67081,43.98867,PhotoRed
12.67028,43.98894,PhotoRed
11.18747,44.63614,PhotoRed
12.01756,45.41267,PhotoRed
11.18697,44.63631,PhotoRed
13.83586,42.16578,PhotoRed
13.83533,42.16583,PhotoRed
11.87731,44.29031,PhotoRed
11.87678,44.29022,PhotoRed
7.50900,44.95311,PhotoRed
7.50867,44.95333,PhotoRed
7.51656,44.99286,PhotoRed
7.51933,45.26658,PhotoRed
7.51992,45.26639,PhotoRed
7.64689,44.99500,PhotoRed
7.65564,45.00233,PhotoRed
18.08433,39.95778,PhotoRed
18.08403,39.95772,PhotoRed
18.13936,40.12933,PhotoRed
7.43614,45.08356,PhotoRed
7.68581,45.01025,PhotoRed
7.68611,45.00928,PhotoRed
7.72550,43.79931,PhotoRed
7.73597,44.98467,PhotoRed
7.74878,45.09197,PhotoRed
7.43533,45.08353,PhotoRed
7.58433,44.50072,PhotoRed
7.75233,45.13131,PhotoRed
7.75311,45.13153,PhotoRed
7.72492,43.79956,PhotoRed
7.78719,45.33472,PhotoRed
7.80031,45.33072,PhotoRed
7.80097,45.58889,PhotoRed
7.82861,45.01592,PhotoRed
7.83783,44.92208,PhotoRed
7.83789,44.92264,PhotoRed
17.56533,40.30617,PhotoRed
18.00397,40.05728,PhotoRed
17.99847,40.47972,PhotoRed
17.99281,40.05581,PhotoRed
17.99303,40.05594,PhotoRed
17.98858,40.49108,PhotoRed
17.98894,40.49164,PhotoRed
18.42433,40.27483,PhotoRed
18.42153,40.29286,PhotoRed
18.41111,40.01850,PhotoRed
18.41094,40.01878,PhotoRed
18.38869,40.03594,PhotoRed
18.32497,39.97694,PhotoRed
7.92308,45.47217,PhotoRed
7.92414,45.47222,PhotoRed
7.97872,45.45556,PhotoRed
7.97806,45.45583,PhotoRed
7.58450,44.50097,PhotoRed
7.80111,45.58856,PhotoRed
8.00164,45.44400,PhotoRed
8.40567,44.89803,PhotoRed
8.48800,44.86339,PhotoRed
8.50692,45.05992,PhotoRed
8.52983,45.74908,PhotoRed
8.53050,45.74897,PhotoRed
8.53839,39.31078,PhotoRed
8.54239,45.45403,PhotoRed
8.59647,39.89536,PhotoRed
8.61544,39.91631,PhotoRed
8.62592,44.91125,PhotoRed
8.62625,44.91142,PhotoRed
8.62678,44.91100,PhotoRed
8.66761,45.15178,PhotoRed
8.68611,45.85997,PhotoRed
8.72758,45.68808,PhotoRed
8.82389,45.82939,PhotoRed
8.82225,45.81956,PhotoRed
8.69844,44.91564,PhotoRed
8.71803,44.85206,PhotoRed
8.84703,45.59522,PhotoRed
8.85739,44.72367,PhotoRed
8.86003,45.51531,PhotoRed
8.86689,45.66814,PhotoRed
8.87733,45.70494,PhotoRed
8.89686,45.61433,PhotoRed
8.90808,45.50731,PhotoRed
8.91156,45.12758,PhotoRed
8.91231,45.60589,PhotoRed
8.91414,45.62514,PhotoRed
8.91558,45.60833,PhotoRed
8.92608,45.57200,PhotoRed
8.92806,45.60153,PhotoRed
8.93806,45.59750,PhotoRed
8.94058,45.59964,PhotoRed
8.94014,45.59911,PhotoRed
8.94331,45.48639,PhotoRed
8.96128,45.56800,PhotoRed
8.97525,45.77836,PhotoRed
8.98775,45.48414,PhotoRed
9.02853,45.44319,PhotoRed
9.03856,45.66597,PhotoRed
9.04844,45.33322,PhotoRed
9.07397,45.42714,PhotoRed
18.30481,40.29197,PhotoRed
18.30975,40.36794,PhotoRed
18.31861,40.35333,PhotoRed
9.09950,39.23700,PhotoRed
9.11836,45.01347,PhotoRed
9.12194,39.21906,PhotoRed
9.15239,45.65872,PhotoRed
9.15850,39.25331,PhotoRed
9.15942,39.25342,PhotoRed
9.17953,45.38047,PhotoRed
9.18003,45.38014,PhotoRed
9.17961,45.38014,PhotoRed
9.18372,45.18864,PhotoRed
9.18306,45.18828,PhotoRed
9.23619,45.60822,PhotoRed
9.25608,45.78919,PhotoRed
9.27483,45.62764,PhotoRed
9.27519,45.62692,PhotoRed
9.28444,45.51169,PhotoRed
9.28406,45.51164,PhotoRed
9.30958,45.61397,PhotoRed
9.31033,45.61469,PhotoRed
9.31442,45.15967,PhotoRed
9.31328,45.57128,PhotoRed
18.03564,39.95086,PhotoRed
18.03506,39.95078,PhotoRed
18.09097,39.97931,PhotoRed
18.09161,39.97933,PhotoRed
18.25992,40.27233,PhotoRed
18.26058,40.27200,PhotoRed
9.35728,45.66111,PhotoRed
9.42092,45.30503,PhotoRed
9.42294,45.30425,PhotoRed
9.44189,45.47728,PhotoRed
9.44292,45.47761,PhotoRed
18.00456,40.49903,PhotoRed
18.00319,40.49956,PhotoRed
18.00886,40.05753,PhotoRed
18.00961,40.05758,PhotoRed
18.01322,40.08567,PhotoRed
9.45139,45.68144,PhotoRed
9.54081,45.69108,PhotoRed
9.54464,45.57767,PhotoRed
9.54611,45.57783,PhotoRed
9.55419,45.66594,PhotoRed
9.56033,45.67250,PhotoRed
9.56106,45.67294,PhotoRed
9.56275,45.58514,PhotoRed
9.59378,45.69983,PhotoRed
9.68308,45.64975,PhotoRed
9.68314,45.64933,PhotoRed
9.69717,45.37706,PhotoRed
9.70544,45.53542,PhotoRed
9.70897,45.70756,PhotoRed
9.70969,45.70725,PhotoRed
9.72053,45.73447,PhotoRed
9.72225,45.34669,PhotoRed
9.72375,45.48281,PhotoRed
9.72350,45.48278,PhotoRed
9.73225,45.67544,PhotoRed
9.73247,45.67506,PhotoRed
9.73847,45.69808,PhotoRed
9.74764,45.37686,PhotoRed
9.74664,45.37672,PhotoRed
9.75558,45.70731,PhotoRed
9.81114,45.67092,PhotoRed
9.81153,45.67064,PhotoRed
9.87219,44.85328,PhotoRed
9.87189,44.85297,PhotoRed
17.56219,40.40467,PhotoRed
9.89786,45.80992,PhotoRed
9.89828,45.81014,PhotoRed
9.89750,44.08656,PhotoRed
9.90375,46.17653,PhotoRed
9.90433,46.17656,PhotoRed
17.37533,40.34906,PhotoRed
16.09247,39.06747,PhotoRed
9.93581,45.66767,PhotoRed
10.15783,44.00158,PhotoRed
10.14456,45.35975,PhotoRed
10.14558,45.35942,PhotoRed
10.14486,45.35919,PhotoRed
10.14553,45.35983,PhotoRed
10.21006,43.96933,PhotoRed
10.31292,45.51181,PhotoRed
10.31736,46.48592,PhotoRed
10.31978,46.48564,PhotoRed
10.36681,45.20033,PhotoRed
10.36867,43.78550,PhotoRed
16.56803,38.77928,PhotoRed
16.52842,41.23003,PhotoRed
10.38792,45.54311,PhotoRed
10.40556,45.71033,PhotoRed
10.43683,43.72986,PhotoRed
10.49347,45.38739,PhotoRed
10.55508,43.89267,PhotoRed
10.56944,43.60344,PhotoRed
10.61839,44.69758,PhotoRed
10.68792,43.87964,PhotoRed
10.67464,43.58653,PhotoRed
10.76414,45.43878,PhotoRed
10.76453,45.43886,PhotoRed
10.75175,44.83856,PhotoRed
10.75222,44.83847,PhotoRed
10.75578,45.14769,PhotoRed
10.75669,45.14811,PhotoRed
10.79550,45.14469,PhotoRed
10.89867,44.63522,PhotoRed
10.90664,44.64556,PhotoRed
10.92283,44.66797,PhotoRed
10.96178,43.60011,PhotoRed
10.96911,44.45608,PhotoRed
10.97561,43.60372,PhotoRed
10.97994,44.17983,PhotoRed
10.98069,44.18039,PhotoRed
11.33997,43.76986,PhotoRed
11.14550,43.81733,PhotoRed
11.11333,44.65700,PhotoRed
11.16506,44.41094,PhotoRed
11.17956,43.80961,PhotoRed
11.18086,43.75325,PhotoRed
11.18150,43.75336,PhotoRed
11.19217,44.50050,PhotoRed
11.21953,44.49069,PhotoRed
11.22017,44.49081,PhotoRed
11.22147,42.44239,PhotoRed
11.23167,43.78483,PhotoRed
11.23375,43.78703,PhotoRed
11.23400,43.78706,PhotoRed
11.24853,44.39858,PhotoRed
11.27733,44.48856,PhotoRed
11.27764,44.48886,PhotoRed
11.27742,44.48733,PhotoRed
11.29394,45.02419,PhotoRed
11.29508,45.02539,PhotoRed
11.30603,45.19392,PhotoRed
11.36156,43.78458,PhotoRed
11.40261,44.46292,PhotoRed
11.40597,45.72108,PhotoRed
11.41433,44.46839,PhotoRed
11.42467,44.53164,PhotoRed
11.43497,44.50122,PhotoRed
11.43508,44.50156,PhotoRed
11.46400,45.23153,PhotoRed
11.46644,45.61472,PhotoRed
11.47806,44.44422,PhotoRed
11.48356,45.71233,PhotoRed
11.48433,45.71236,PhotoRed
11.52106,44.42797,PhotoRed
11.52042,44.42814,PhotoRed
11.59242,45.65856,PhotoRed
11.59244,45.65917,PhotoRed
11.59992,45.43747,PhotoRed
11.60014,45.43800,PhotoRed
12.19092,44.40403,PhotoRed
12.19039,44.40444,PhotoRed
17.56781,40.40433,PhotoRed
11.70339,44.35403,PhotoRed
11.72733,44.34608,PhotoRed
11.74383,43.27350,PhotoRed
11.74322,43.27364,PhotoRed
11.74475,45.23014,PhotoRed
11.76264,45.72506,PhotoRed
11.80628,45.58778,PhotoRed
11.85661,45.45594,PhotoRed
11.85689,45.45589,PhotoRed
11.86333,45.32011,PhotoRed
11.86336,45.32067,PhotoRed
17.51881,40.64914,PhotoRed
16.40853,41.27297,PhotoRed
16.37875,41.28678,PhotoRed
15.00639,40.45586,PhotoRed
15.00658,40.45586,PhotoRed
15.00650,40.45575,PhotoRed
14.97647,40.45014,PhotoRed
12.00489,45.41050,PhotoRed
12.03525,44.18728,PhotoRed
12.05072,45.40672,PhotoRed
17.35964,40.37094,PhotoRed
17.36322,40.44553,PhotoRed
17.36286,40.44639,PhotoRed
17.36258,40.44583,PhotoRed
17.36578,40.43900,PhotoRed
17.36561,40.43958,PhotoRed
12.12161,45.43350,PhotoRed
12.14506,45.78636,PhotoRed
12.15447,45.67247,PhotoRed
16.32833,39.31183,PhotoRed
15.52767,38.18822,PhotoRed
15.31925,37.89156,PhotoRed
11.80294,43.20669,PhotoRed
12.18672,45.69703,PhotoRed
11.79767,44.32036,PhotoRed
12.21053,45.82569,PhotoRed
11.53403,45.22714,PhotoRed
12.23231,45.48294,PhotoRed
11.33992,44.48647,PhotoRed
10.96844,44.45561,PhotoRed
10.73658,45.67242,PhotoRed
12.29600,45.48703,PhotoRed
10.44753,44.84350,PhotoRed
10.22133,43.96131,PhotoRed
10.22056,43.96181,PhotoRed
10.21647,44.82428,PhotoRed
10.20553,43.91978,PhotoRed
10.19039,43.93664,PhotoRed
10.19006,43.93697,PhotoRed
9.12156,39.21964,PhotoRed
9.12131,39.22139,PhotoRed
12.39206,43.09611,PhotoRed
12.39253,43.09594,PhotoRed
12.55411,44.05314,PhotoRed
12.55478,44.05275,PhotoRed
12.57167,44.06650,PhotoRed
12.57203,44.06689,PhotoRed
12.60092,44.04039,PhotoRed
12.60133,44.04064,PhotoRed
12.65833,43.99239,PhotoRed
12.74936,43.29100,PhotoRed
12.85433,45.91647,PhotoRed
12.98614,43.31633,PhotoRed
13.06856,43.21914,PhotoRed
13.20247,43.72072,PhotoRed
13.20239,43.72083,PhotoRed
9.21506,45.58978,PhotoRed
9.21553,45.58983,PhotoRed
17.10769,39.30386,PhotoRed
13.79078,43.18700,PhotoRed
13.79319,43.18008,PhotoRed
13.79264,43.18011,PhotoRed
13.79333,43.18025,PhotoRed
14.04769,41.05272,PhotoRed
14.08128,41.00736,PhotoRed
14.11192,42.52014,PhotoRed
14.11061,42.51994,PhotoRed
14.11756,42.54964,PhotoRed
14.11792,42.54928,PhotoRed
14.14297,42.51008,PhotoRed
14.14256,42.50969,PhotoRed
14.14247,42.51025,PhotoRed
14.14608,42.50825,PhotoRed
14.15453,42.51269,PhotoRed
14.18797,42.42853,PhotoRed
14.17367,42.49692,PhotoRed
14.27617,40.90797,PhotoRed
14.27833,40.89322,PhotoRed
14.36147,41.17844,PhotoRed
14.37306,41.12836,PhotoRed
14.44392,41.02519,PhotoRed
15.15992,41.91992,PhotoRed
15.71117,41.41986,PhotoRed
15.71206,41.41967,PhotoRed
16.26061,38.23842,PhotoRed
16.49517,41.23936,PhotoRed
18.43606,40.25825,PhotoRed
12.10831,45.74900,PhotoRed
18.43572,40.25875,PhotoRed
10.63733,43.65711,PhotoRed
10.82189,45.44364,PhotoRed
10.85081,45.46206,PhotoRed
11.84022,42.03247,PhotoRed
11.84125,42.03236,PhotoRed
13.10669,46.20825,PhotoRed
10.62103,43.83675,PhotoRed
15.81308,40.96519,PhotoRed
14.40439,37.64394,PhotoRed
14.59169,37.78650,PhotoRed
11.32325,43.32461,PhotoRed
12.44128,45.55869,PhotoRed
12.56119,44.03514,PhotoRed
17.10825,39.31042,PhotoRed
8.98394,44.40322,PhotoRed
13.43622,42.03803,PhotoRed
13.66658,43.23708,PhotoRed
11.91369,45.31614,PhotoRed
12.05147,44.20914,PhotoRed
12.05931,44.21961,PhotoRed
17.98853,40.48431,PhotoRed
17.36539,40.36300,PhotoRed
9.04925,45.47614,PhotoRed
10.32097,43.54006,PhotoRed
12.53381,44.08494,PhotoRed
10.77872,45.55475,PhotoRed
9.39253,44.27903,PhotoRed
12.61708,41.76636,PhotoRed
9.63267,45.14906,PhotoRed
8.23164,44.09650,PhotoRed
11.27486,44.47853,PhotoRed
10.23536,45.57897,PhotoRed
9.15428,45.39950,PhotoRed
9.15408,45.39914,PhotoRed
7.68783,45.08889,PhotoRed
7.68858,45.08889,PhotoRed
7.63861,45.06919,PhotoRed
7.63814,45.06906,PhotoRed
7.63919,45.06867,PhotoRed
7.63836,45.06850,PhotoRed
7.65194,45.08725,PhotoRed
7.65150,45.08717,PhotoRed
7.65158,45.08756,PhotoRed
7.65094,45.08747,PhotoRed
13.66639,43.23661,PhotoRed
10.85067,45.46250,PhotoRed
14.30450,40.95575,PhotoRed
12.36544,45.61558,PhotoRed
12.36514,45.61519,PhotoRed
9.00161,44.99247,PhotoRed
9.00225,44.99236,PhotoRed
10.07475,45.61497,PhotoRed
10.40561,45.71064,PhotoRed
9.28358,45.19614,PhotoRed
9.66150,45.61717,PhotoRed
9.46253,45.64969,PhotoRed
9.16464,45.57125,PhotoRed
9.04036,45.46164,PhotoRed
9.03794,45.44769,PhotoRed
8.88300,45.79703,PhotoRed
13.75919,43.25639,PhotoRed
9.55572,45.68969,PhotoRed
9.55597,45.68997,PhotoRed
9.55536,45.68983,PhotoRed
9.55383,45.66614,PhotoRed
9.55453,45.66608,PhotoRed
9.29747,45.87653,PhotoRed
14.18853,42.42231,PhotoRed
14.18897,42.42275,PhotoRed
12.90711,45.77919,PhotoRed
12.90800,45.77914,PhotoRed
12.44158,45.55936,PhotoRed
11.56522,45.70617,PhotoRed
9.83147,44.97431,PhotoRed
9.83089,44.97442,PhotoRed
10.48239,45.39403,PhotoRed
11.95589,45.68583,PhotoRed
11.95503,45.68581,PhotoRed
11.86394,42.03514,PhotoRed
11.86319,42.03494,PhotoRed
11.75864,45.24728,PhotoRed
11.75881,45.24686,PhotoRed
8.62739,45.01200,PhotoRed
11.46939,45.70106,PhotoRed
15.80414,40.95875,PhotoRed
7.72256,44.86250,PhotoRed
11.84697,42.03247,PhotoRed
11.84769,42.03261,PhotoRed
11.80558,42.08306,PhotoRed
7.75878,45.10781,PhotoRed
11.03422,44.97300,PhotoRed
11.81011,44.39517,PhotoRed
7.75119,44.98000,PhotoRed
10.18292,45.04406,PhotoRed
10.93219,43.66064,PhotoRed
8.91461,45.60819,PhotoRed
12.25147,45.75789,PhotoRed
8.74892,45.30975,PhotoRed
8.70600,45.29431,PhotoRed
8.70625,45.29383,PhotoRed
8.66917,45.34894,PhotoRed
13.05908,43.20942,PhotoRed
11.27822,44.47800,PhotoRed
9.55556,45.69011,PhotoRed
13.10803,46.20783,PhotoRed
9.56239,45.58489,PhotoRed
10.32147,43.54019,PhotoRed
10.32117,43.54031,PhotoRed
10.39242,43.78019,PhotoRed
8.92864,45.56817,PhotoRed
9.56250,45.58511,PhotoRed
8.21619,44.91497,PhotoRed
12.57664,42.09633,PhotoRed
7.65131,45.03125,PhotoRed
7.65239,45.03097,PhotoRed
7.65003,45.08519,PhotoRed
7.64978,45.08461,PhotoRed
10.83008,45.32114,PhotoRed
7.65433,45.09142,PhotoRed
7.65461,45.09203,PhotoRed
11.80750,45.70642,PhotoRed
7.64014,45.03089,PhotoRed
7.63986,45.03008,PhotoRed
9.10778,45.15619,PhotoRed
9.10831,45.15614,PhotoRed
12.53836,41.86903,PhotoRed
11.04689,43.82297,PhotoRed
11.31708,46.48944,PhotoRed
15.88572,41.21517,PhotoRed
15.88564,41.21461,PhotoRed
9.25731,45.78892,PhotoRed
11.80778,45.70592,PhotoRed
7.49578,44.88792,PhotoRed
7.49572,44.88828,PhotoRed
11.32514,46.49469,PhotoRed
10.69250,43.56025,PhotoRed
11.34006,46.50164,PhotoRed
11.35439,46.49511,PhotoRed
13.78150,43.21050,PhotoRed
13.78183,43.20994,PhotoRed
8.84808,45.46039,PhotoRed
8.84858,45.46058,PhotoRed
9.40111,45.72836,PhotoRed
9.40081,45.72850,PhotoRed
17.37728,40.50106,PhotoRed
11.25653,43.78367,PhotoRed
11.25669,43.78381,PhotoRed
9.23464,45.17306,PhotoRed
9.05564,45.42008,PhotoRed
9.05403,45.41939,PhotoRed
11.92333,43.33503,PhotoRed
13.87419,42.96278,PhotoRed
8.05467,45.35050,PhotoRed
8.05531,45.35117,PhotoRed
18.16717,40.20228,PhotoRed
8.89994,44.41067,PhotoRed
8.89947,44.41044,PhotoRed
8.90014,44.41058,PhotoRed
8.89978,44.41072,PhotoRed
8.97594,44.39508,PhotoRed
8.96483,44.40481,PhotoRed
8.96539,44.40461,PhotoRed
8.96403,44.40453,PhotoRed
8.95128,44.40453,PhotoRed
8.95167,44.40417,PhotoRed
8.95189,44.40461,PhotoRed
8.91067,45.46467,PhotoRed
8.91139,45.46472,PhotoRed
8.91103,45.46503,PhotoRed
8.91106,45.46447,PhotoRed
13.86778,42.99103,PhotoRed
10.63747,43.65728,PhotoRed
18.01369,40.08572,PhotoRed
8.93819,44.58575,PhotoRed
8.93811,44.58606,PhotoRed
9.28319,45.58947,PhotoRed
9.26281,45.59222,PhotoRed
9.26814,45.60561,PhotoRed
9.04672,45.52569,PhotoRed
9.04653,45.52619,PhotoRed
9.06808,45.52914,PhotoRed
9.06917,45.52911,PhotoRed
9.06864,45.52928,PhotoRed
9.06831,45.52881,PhotoRed
9.62250,45.24908,PhotoRed
8.66872,45.84144,PhotoRed
8.66828,45.84058,PhotoRed
11.80747,43.36686,PhotoRed
11.80736,43.36650,PhotoRed
12.22656,46.14883,PhotoRed
9.28678,45.81383,PhotoRed
18.39658,40.30694,PhotoRed
11.71767,44.35789,PhotoRed
9.23536,45.61233,PhotoRed
12.02108,45.33556,PhotoRed
12.02089,45.33464,PhotoRed
16.49075,41.24375,PhotoRed
10.07581,44.02403,PhotoRed
13.92953,42.24206,PhotoRed
12.69425,43.97486,PhotoRed
8.94483,44.40008,PhotoRed
9.51631,45.52617,PhotoRed
12.99925,46.15656,PhotoRed
12.99903,46.15619,PhotoRed
13.85783,43.02847,PhotoRed
13.85767,43.02894,PhotoRed
10.82983,45.32089,PhotoRed
9.63364,45.14911,PhotoRed
9.40317,45.64406,PhotoRed
12.13711,42.15489,PhotoRed
11.29575,45.20036,PhotoRed
11.32758,43.75781,PhotoRed
8.07567,45.52167,PhotoRed
8.07592,45.52103,PhotoRed
11.52764,45.59972,PhotoRed
9.76472,45.52031,PhotoRed
8.93681,45.47914,PhotoRed
8.47714,45.54078,PhotoRed
11.95189,42.02492,PhotoRed
11.95139,42.02472,PhotoRed
11.95167,42.02517,PhotoRed
8.62369,44.90792,PhotoRed
8.62533,44.90822,PhotoRed
8.62400,44.90767,PhotoRed
8.62433,44.90836,PhotoRed
8.61011,44.91808,PhotoRed
8.61053,44.91811,PhotoRed
8.60981,44.91758,PhotoRed
9.79781,45.75850,PhotoRed
10.75053,45.15486,PhotoRed
9.28944,45.57972,PhotoRed
11.88258,45.41267,PhotoRed
14.21781,42.44633,PhotoRed
14.21733,42.44611,PhotoRed
8.63078,44.90958,PhotoRed
8.63086,44.91017,PhotoRed
8.63153,44.90975,PhotoRed
8.63050,44.90992,PhotoRed
12.92872,41.76597,PhotoRed
12.92944,41.76586,PhotoRed
11.10286,43.87581,PhotoRed
18.20564,40.31100,PhotoRed
7.63489,45.05500,PhotoRed
7.71239,45.16856,PhotoRed
7.71256,45.16931,PhotoRed
14.20144,42.47003,PhotoRed
14.20172,42.47072,PhotoRed
14.20219,42.44750,PhotoRed
14.20197,42.44719,PhotoRed
7.66136,45.04714,PhotoRed
7.66258,45.04642,PhotoRed
8.62278,44.93781,PhotoRed
8.62325,44.93739,PhotoRed
8.62336,44.93772,PhotoRed
7.67397,43.77794,PhotoRed
11.51625,44.49942,PhotoRed
11.51528,44.49939,PhotoRed
12.25269,45.48547,PhotoRed
8.59803,44.89672,PhotoRed
8.59669,44.89739,PhotoRed
10.88089,44.77667,PhotoRed
10.88028,44.77692,PhotoRed
10.88042,44.77664,PhotoRed
12.23667,44.14222,PhotoRed
12.23706,44.14261,PhotoRed
9.32578,44.31408,PhotoRed
8.62542,44.83517,PhotoRed
11.35061,46.49514,PhotoRed
10.94294,44.63917,PhotoRed
9.32233,45.62483,PhotoRed
7.99858,43.86822,PhotoRed
11.33708,46.48622,PhotoRed
14.72606,42.09339,PhotoRed
14.72706,42.09275,PhotoRed
8.88253,45.79742,PhotoRed
8.66769,45.15217,PhotoRed
9.47931,45.53747,PhotoRed
13.43675,42.03825,PhotoRed
8.98411,44.40294,PhotoRed
8.98333,44.40317,PhotoRed
8.98350,44.40281,PhotoRed
12.10767,45.74939,PhotoRed
10.92353,43.93233,PhotoRed
7.98642,44.79503,PhotoRed
9.72039,45.73469,PhotoRed
13.36942,41.28925,PhotoRed
13.91214,42.78567,PhotoRed
10.02106,44.07242,PhotoRed
10.02142,44.07222,PhotoRed
9.10133,44.37189,PhotoRed
13.01336,43.83722,PhotoRed
13.01256,43.83722,PhotoRed
12.01344,45.86819,PhotoRed
10.87397,44.79281,PhotoRed
18.15217,40.34994,PhotoRed
18.15183,40.35047,PhotoRed
13.34594,43.64958,PhotoRed
11.34219,46.48247,PhotoRed
7.65275,45.03897,PhotoRed
10.94039,45.49464,PhotoRed
10.94044,45.49447,PhotoRed
9.70381,45.57850,PhotoRed
8.84797,45.62992,PhotoRed
8.96217,44.56661,PhotoRed
8.96136,44.56686,PhotoRed
11.15106,45.18400,PhotoRed
9.43436,45.63733,PhotoRed
7.33681,44.88836,PhotoRed
7.33625,44.88819,PhotoRed
8.40622,44.89819,PhotoRed
9.39369,44.27967,PhotoRed
14.03014,40.95489,PhotoRed
14.02936,40.95464,PhotoRed
9.92492,45.91617,PhotoRed
9.92483,45.91603,PhotoRed
10.22036,43.95322,PhotoRed
11.34367,46.49469,PhotoRed
11.32808,43.75881,PhotoRed
9.21189,46.02433,PhotoRed
11.32556,43.32781,PhotoRed
11.32503,43.32750,PhotoRed
10.87103,44.78847,PhotoRed
10.87089,44.78794,PhotoRed
10.86925,44.78469,PhotoRed
7.66275,45.06811,PhotoRed
7.66586,45.06678,PhotoRed
7.90042,44.85908,PhotoRed
7.90119,44.85878,PhotoRed
13.97036,42.73786,PhotoRed
13.97064,42.73736,PhotoRed
13.95928,42.76128,PhotoRed
13.95894,42.76192,PhotoRed
9.42986,44.27042,PhotoRed
9.42953,44.27044,PhotoRed
12.59331,44.04708,PhotoRed
12.59356,44.04733,PhotoRed
11.43056,44.55586,PhotoRed
11.42997,44.55606,PhotoRed
12.34986,45.81589,PhotoRed
7.96425,43.85347,PhotoRed
7.96389,43.85344,PhotoRed
17.51853,40.64131,PhotoRed
8.76944,45.19600,PhotoRed
8.76919,45.19642,PhotoRed
9.11183,45.15586,PhotoRed
9.11283,45.15578,PhotoRed
13.10950,46.28128,PhotoRed
13.10939,46.28064,PhotoRed
8.68600,44.73183,PhotoRed
8.68594,44.73239,PhotoRed
10.16719,43.95825,PhotoRed
10.16758,43.95794,PhotoRed
11.80283,44.98219,PhotoRed
10.81881,43.72842,PhotoRed
10.81853,43.72900,PhotoRed
8.97786,44.40769,PhotoRed
10.88406,44.76883,PhotoRed
10.47969,43.73225,PhotoRed
14.25361,40.91311,PhotoRed
14.25311,40.91344,PhotoRed
14.25389,40.91333,PhotoRed
7.80231,45.02592,PhotoRed
12.24058,44.14183,PhotoRed
12.34992,45.81542,PhotoRed
13.36861,41.28936,PhotoRed
10.76733,44.92217,PhotoRed
10.76622,44.92225,PhotoRed
10.95597,44.54228,PhotoRed
10.95692,44.54206,PhotoRed
9.27864,45.46503,PhotoRed
9.27783,45.46414,PhotoRed
9.26961,45.42889,PhotoRed
8.93600,45.41483,PhotoRed
8.93464,45.41436,PhotoRed
11.53964,45.56469,PhotoRed
11.53903,45.56453,PhotoRed
9.28269,45.42222,PhotoRed
9.28186,45.42200,PhotoRed
8.59839,44.89642,PhotoRed
8.59800,44.89650,PhotoRed
8.59839,44.89681,PhotoRed
8.59708,44.89769,PhotoRed
8.59650,44.89758,PhotoRed
8.59708,44.89742,PhotoRed
11.46958,45.70117,PhotoRed
11.80297,43.20614,PhotoRed
11.80322,43.20636,PhotoRed
11.80269,43.20650,PhotoRed
11.18158,43.74969,PhotoRed
10.20008,43.97692,PhotoRed
10.20039,43.97667,PhotoRed
13.86825,42.98503,PhotoRed
10.82078,45.44342,PhotoRed
10.57675,43.67306,PhotoRed
13.86778,42.99072,PhotoRed
13.86794,42.99086,PhotoRed
11.96653,45.79400,PhotoRed
11.96533,45.79414,PhotoRed
18.18047,40.36092,PhotoRed
18.17972,40.36122,PhotoRed
10.14181,44.71100,PhotoRed
10.14206,44.71114,PhotoRed
11.14569,43.81753,PhotoRed
11.14550,43.81750,PhotoRed
11.02664,44.83111,PhotoRed
11.02606,44.83122,PhotoRed
11.92325,43.33469,PhotoRed
11.92319,43.33494,PhotoRed
8.95225,44.40483,PhotoRed
8.94492,44.40042,PhotoRed
8.96475,44.40436,PhotoRed
10.94097,43.71803,PhotoRed
12.87178,42.40500,PhotoRed
12.85881,42.39706,PhotoRed
12.85650,42.40836,PhotoRed
12.88350,42.41044,PhotoRed
13.41797,41.27281,PhotoRed
13.41764,41.27314,PhotoRed
9.19078,45.53844,PhotoRed
8.80575,45.69964,PhotoRed
8.80511,45.69908,PhotoRed
10.34108,43.76531,PhotoRed
11.36578,44.48539,PhotoRed
11.36253,44.50264,PhotoRed
12.05147,44.20892,PhotoRed
12.05119,44.20903,PhotoRed
7.71381,44.84656,PhotoRed
8.93431,45.39972,PhotoRed
8.98833,45.48433,PhotoRed
12.16697,45.89628,PhotoRed
12.16650,45.89675,PhotoRed
10.57331,43.66519,PhotoRed
10.18664,45.67611,PhotoRed
10.18669,45.67661,PhotoRed
7.75672,45.13906,PhotoRed
9.85206,44.96525,PhotoRed
9.85253,44.96497,PhotoRed
12.16981,42.25894,PhotoRed
12.17047,42.25878,PhotoRed
7.57175,44.86492,PhotoRed
7.57203,44.86469,PhotoRed
9.92489,45.39739,PhotoRed
9.92508,45.39697,PhotoRed
7.66564,45.06747,PhotoRed
7.66664,45.06717,PhotoRed
7.66644,45.06758,PhotoRed
12.02739,44.22697,PhotoRed
12.95872,41.73603,PhotoRed
12.95853,41.73619,PhotoRed
9.13956,45.16453,PhotoRed
9.13986,45.16506,PhotoRed
12.95822,41.73642,PhotoRed
12.95778,41.73669,PhotoRed
7.63394,45.04039,PhotoRed
7.63378,45.03992,PhotoRed
7.63494,45.04058,PhotoRed
7.66178,45.04639,PhotoRed
7.76489,45.12883,PhotoRed
7.76539,45.12942,PhotoRed
9.71092,45.71906,PhotoRed
10.62156,43.71097,PhotoRed
10.62156,43.71067,PhotoRed
9.63556,45.14942,PhotoRed
9.63656,45.14969,PhotoRed
8.91878,45.38681,PhotoRed
8.91958,45.38706,PhotoRed
8.85236,45.32808,PhotoRed
8.85325,45.32761,PhotoRed
11.35792,45.15544,PhotoRed
9.27006,45.42864,PhotoRed
9.15653,45.38694,PhotoRed
12.67786,43.98458,PhotoRed
12.67731,43.98492,PhotoRed
9.08681,44.45042,PhotoRed
10.58989,43.60506,PhotoRed
10.58942,43.60511,PhotoRed
11.60486,44.87703,PhotoRed
8.48892,44.86333,PhotoRed
7.53753,44.93500,PhotoRed
7.53758,44.93478,PhotoRed
11.10569,44.55247,PhotoRed
11.10497,44.55217,PhotoRed
10.44708,44.84350,PhotoRed
7.63422,45.05542,PhotoRed
8.97581,44.39542,PhotoRed
8.97558,44.39489,PhotoRed
8.97536,44.39533,PhotoRed
12.12644,45.24633,PhotoRed
7.78661,45.33525,PhotoRed
7.75683,45.13864,PhotoRed
7.75719,45.13875,PhotoRed
10.74906,45.15475,PhotoRed
8.75953,44.88878,PhotoRed
8.75994,44.88883,PhotoRed
8.75981,44.88856,PhotoRed
11.21911,44.49100,PhotoRed
8.50711,45.05983,PhotoRed
17.51925,40.64886,PhotoRed
13.21081,46.16161,PhotoRed
13.21064,46.16253,PhotoRed
10.56903,43.87847,PhotoRed
10.56933,43.87808,PhotoRed
10.93619,43.72081,PhotoRed
10.93675,43.72047,PhotoRed
9.40119,45.66731,PhotoRed
10.87594,45.08675,PhotoRed
10.87714,45.08647,PhotoRed
10.71797,45.64847,PhotoRed
10.71839,45.64869,PhotoRed
8.87261,45.61836,PhotoRed
8.87358,45.61806,PhotoRed
12.61636,41.76636,PhotoRed
18.31864,40.35264,PhotoRed
9.28781,45.54772,PhotoRed
9.28700,45.54775,PhotoRed
10.74792,44.92336,PhotoRed
10.74856,44.92331,PhotoRed
10.74814,44.92344,PhotoRed
13.19781,46.04703,PhotoRed
13.19817,46.04728,PhotoRed
8.68025,44.82289,PhotoRed
17.93792,40.62947,PhotoRed
17.93844,40.62986,PhotoRed
14.70664,40.70753,PhotoRed
13.54808,41.20989,PhotoRed
13.56633,41.22769,PhotoRed
12.24617,44.13575,PhotoRed
12.24800,44.13636,PhotoRed
12.24008,44.13867,PhotoRed
12.24128,44.13753,PhotoRed
12.24422,44.13619,PhotoRed
11.34142,43.29561,PhotoRed
11.34178,43.29586,PhotoRed
9.16867,45.53556,PhotoRed
9.16961,45.53578,PhotoRed
17.93406,40.62039,PhotoRed
17.93353,40.62053,PhotoRed
18.29269,40.11669,PhotoRed
18.18508,40.32025,PhotoRed
11.86053,44.44061,PhotoRed
11.85989,44.44094,PhotoRed
9.76194,45.57083,PhotoRed
9.76211,45.57044,PhotoRed
18.34417,40.27864,PhotoRed
7.69553,45.00008,PhotoRed
12.05125,44.20883,PhotoRed
8.84792,45.63014,PhotoRed
13.34542,43.64956,PhotoRed
18.20575,40.31078,PhotoRed
9.76500,45.51997,PhotoRed
11.81039,44.39550,PhotoRed
11.81053,44.39517,PhotoRed
11.80994,44.39533,PhotoRed
11.84042,42.03231,PhotoRed
9.02933,45.44311,PhotoRed
9.72478,45.70569,PhotoRed
9.11367,45.74192,PhotoRed
11.97836,44.41408,PhotoRed
11.97936,44.41406,PhotoRed
14.25358,40.89308,PhotoRed
14.25339,40.89272,PhotoRed
10.90072,43.94375,PhotoRed
10.49111,45.45628,PhotoRed
11.41797,45.65433,PhotoRed
11.41833,45.65378,PhotoRed
11.34122,43.29606,PhotoRed
10.69239,43.56056,PhotoRed
9.14922,45.72192,PhotoRed
13.04308,41.43142,PhotoRed
11.07644,43.89019,PhotoRed
8.72636,45.25047,PhotoRed
8.72586,45.25044,PhotoRed
16.56300,40.83100,PhotoRed
17.10825,39.31114,PhotoRed
11.12669,43.81347,PhotoRed
11.12614,43.81356,PhotoRed
14.21350,42.46439,PhotoRed
14.21350,42.46394,PhotoRed
14.21294,42.46400,PhotoRed
14.21286,42.46442,PhotoRed
14.21256,42.45981,PhotoRed
14.21308,42.45933,PhotoRed
14.21308,42.45983,PhotoRed
14.23936,42.45450,PhotoRed
14.24017,42.45428,PhotoRed
9.16139,45.57119,PhotoRed
11.81764,44.37861,PhotoRed
7.67269,45.00506,PhotoRed
7.67408,45.00478,PhotoRed
9.33667,45.36606,PhotoRed
9.33642,45.36683,PhotoRed
7.71006,44.99728,PhotoRed
7.71078,44.99717,PhotoRed
7.69622,44.99989,PhotoRed
14.23919,40.83508,PhotoRed
14.24522,40.85097,PhotoRed
9.31550,45.60300,PhotoRed
9.31542,45.60264,PhotoRed
14.25628,40.85483,PhotoRed
12.58194,45.63081,PhotoRed
7.56186,45.19478,PhotoRed
7.56242,45.19433,PhotoRed
8.59028,45.51767,PhotoRed
8.59047,45.51731,PhotoRed
12.34694,43.08519,PhotoRed
9.72997,45.65344,PhotoRed
7.63019,44.94847,PhotoRed
9.26656,45.41158,PhotoRed
9.26625,45.41189,PhotoRed
9.81081,45.76994,PhotoRed
9.50094,45.56594,PhotoRed
9.49983,45.56556,PhotoRed
7.66361,45.06842,PhotoRed
7.66300,45.06883,PhotoRed
7.66225,45.06856,PhotoRed
9.42231,45.49239,PhotoRed
9.42203,45.49269,PhotoRed
18.36353,39.95956,PhotoRed
18.36336,39.95925,PhotoRed
18.19658,40.31339,PhotoRed
18.19642,40.31286,PhotoRed
18.18586,40.35314,PhotoRed
18.18536,40.35414,PhotoRed
14.25683,40.84544,PhotoRed
14.11931,42.48639,PhotoRed
14.11869,42.48567,PhotoRed
13.20722,43.72442,PhotoRed
13.14611,43.50372,PhotoRed
13.21842,43.71114,PhotoRed
11.01503,43.93489,PhotoRed
11.01431,43.93486,PhotoRed
8.31097,44.15842,PhotoRed
10.81383,43.72561,PhotoRed
10.80819,43.72689,PhotoRed
10.80817,43.72661,PhotoRed
10.80269,43.72356,PhotoRed
10.73158,43.87739,PhotoRed
10.72669,43.87794,PhotoRed
10.60861,43.68617,PhotoRed
10.60806,43.68611,PhotoRed
8.86347,45.30983,PhotoRed
8.86397,45.31033,PhotoRed
8.86061,45.32633,PhotoRed
8.85983,45.32628,PhotoRed
10.62150,43.83650,PhotoRed
9.15594,45.54825,PhotoRed
9.08142,45.61814,PhotoRed
9.08058,45.61811,PhotoRed
9.05736,45.70389,PhotoRed
9.05731,45.70417,PhotoRed
8.81253,45.54053,PhotoRed
8.81181,45.54067,PhotoRed
9.29775,45.55353,PhotoRed
8.96700,45.78372,PhotoRed
8.42306,45.95842,PhotoRed
11.11036,46.10325,PhotoRed
11.11914,46.08500,PhotoRed
11.11933,46.08486,PhotoRed
11.62942,44.82372,PhotoRed
11.13250,43.80261,PhotoRed
11.13325,43.80258,PhotoRed
11.08406,43.77689,PhotoRed
11.00689,43.91161,PhotoRed
10.86189,43.77792,PhotoRed
10.81481,43.72578,PhotoRed
10.35486,44.89058,PhotoRed
10.35478,44.89031,PhotoRed
12.03592,45.82467,PhotoRed
12.03569,45.82519,PhotoRed
9.24486,45.10339,PhotoRed
9.26044,45.56456,PhotoRed
9.24414,45.10436,PhotoRed
10.94361,43.72936,PhotoRed
10.94306,43.72919,PhotoRed
9.42644,45.53786,PhotoRed
9.42631,45.53781,PhotoRed
11.11981,46.08400,PhotoRed
11.11117,46.10089,PhotoRed
11.11508,46.09197,PhotoRed
11.10761,46.12533,PhotoRed
11.10614,46.11828,PhotoRed
13.66344,43.42569,PhotoRed
8.85747,45.50153,PhotoRed
8.85778,45.50089,PhotoRed
10.48756,45.06747,PhotoRed
7.65278,45.03839,PhotoRed
7.67306,45.00519,PhotoRed
8.87733,45.48750,PhotoRed
8.87667,45.48742,PhotoRed
11.03081,43.93025,PhotoRed
11.03125,43.93011,PhotoRed
9.40394,45.64428,PhotoRed
9.40311,45.64458,PhotoRed
9.40358,45.64469,PhotoRed
10.80306,43.72358,PhotoRed
12.91894,43.90986,PhotoRed
12.91822,43.91036,PhotoRed
11.08150,45.29464,PhotoRed
11.08108,45.29503,PhotoRed
8.63900,45.71433,PhotoRed
7.53903,45.07111,PhotoRed
7.53942,45.07122,PhotoRed
13.14744,43.50386,PhotoRed
12.35331,42.30522,PhotoRed
10.72417,44.84600,PhotoRed
11.80731,43.36664,PhotoRed
9.28400,45.19608,PhotoRed
17.93342,40.62044,PhotoRed
12.12633,45.24608,PhotoRed
9.62108,45.25006,PhotoRed
11.80564,42.08311,PhotoRed
11.80597,42.08275,PhotoRed
17.36600,40.36267,PhotoRed
9.15192,45.65911,PhotoRed
7.65211,44.86408,PhotoRed
9.17092,45.18192,PhotoRed
8.74503,45.30594,PhotoRed
9.39844,45.25442,PhotoRed
8.03286,43.89747,PhotoRed
8.03069,43.88719,PhotoRed
9.06444,44.37922,PhotoRed
9.06497,44.37925,PhotoRed
9.96558,44.89744,PhotoRed
9.96519,44.89767,PhotoRed
14.25397,40.89272,PhotoRed
18.16725,40.20172,PhotoRed
12.56081,44.03469,PhotoRed
8.55578,45.57411,PhotoRed
11.52822,44.54231,PhotoRed
11.52794,44.54197,PhotoRed
10.89981,43.92731,PhotoRed
8.46400,45.45408,PhotoRed
8.46372,45.45408,PhotoRed
8.46383,45.45414,PhotoRed
15.23539,38.21578,PhotoRed
7.34808,45.04119,PhotoRed
7.34872,45.04131,PhotoRed
11.04583,44.49297,PhotoRed
11.04544,44.49261,PhotoRed
9.68428,45.03664,PhotoRed
9.70019,45.04244,PhotoRed
18.06172,40.14689,PhotoRed
11.58442,45.40961,PhotoRed
11.58422,45.40914,PhotoRed
12.13244,45.49508,PhotoRed
12.13356,45.49525,PhotoRed
13.41594,41.36669,PhotoRed
13.41583,41.36717,PhotoRed
10.81664,45.11194,PhotoRed
12.44992,44.06511,PhotoRed
12.44939,44.06533,PhotoRed
12.44942,44.06514,PhotoRed
12.44969,44.06533,PhotoRed
8.86953,45.48656,PhotoRed
8.86911,45.48711,PhotoRed
8.31417,46.11997,PhotoRed
8.31436,46.12022,PhotoRed
11.90014,45.53603,PhotoRed
9.13628,45.64311,PhotoRed
7.61233,43.79064,PhotoRed
7.61267,43.79058,PhotoRed
7.60892,43.79169,PhotoRed
7.60922,43.79156,PhotoRed
9.66858,45.04656,PhotoRed
8.65494,45.59186,PhotoRed
8.65583,45.59183,PhotoRed
7.71931,44.86169,PhotoRed
7.71911,44.86181,PhotoRed
7.59733,43.79417,PhotoRed
7.59767,43.79400,PhotoRed
10.87242,44.50086,PhotoRed
9.11914,45.61775,PhotoRed
10.93069,45.05606,PhotoRed
10.93067,45.05569,PhotoRed
11.05442,45.35325,PhotoRed
11.05461,45.35308,PhotoRed
10.89353,45.27231,PhotoRed
9.70675,45.71647,PhotoRed
11.32278,43.32853,PhotoRed
11.32344,43.32831,PhotoRed
10.70025,44.81108,PhotoRed
15.00711,40.41856,PhotoRed
15.00667,40.41850,PhotoRed
15.00694,40.41833,PhotoRed
13.93789,42.79956,PhotoRed
13.93761,42.80003,PhotoRed
9.52067,45.57811,PhotoRed
9.52072,45.57872,PhotoRed
12.61269,44.03875,PhotoRed
12.61242,44.03897,PhotoRed
9.48517,45.58572,PhotoRed
9.48578,45.58597,PhotoRed
10.66428,45.69044,PhotoRed
7.55344,45.01039,PhotoRed
7.55297,45.01017,PhotoRed
11.56514,45.70611,PhotoRed
11.56508,45.70619,PhotoRed
10.78947,44.53264,PhotoRed
9.99097,44.05283,PhotoRed
10.00847,44.08250,PhotoRed
12.46936,44.03047,PhotoRed
12.46989,44.03078,PhotoRed
7.61647,43.78967,PhotoRed
9.60753,45.05275,PhotoRed
9.60758,45.05306,PhotoRed
12.63500,41.82339,PhotoRed
12.63583,41.82336,PhotoRed
11.34025,46.49486,PhotoRed
10.18819,45.69878,PhotoRed
10.18772,45.69828,PhotoRed
11.99892,45.32167,PhotoRed
9.60711,45.69308,PhotoRed
9.60606,45.69303,PhotoRed
8.42033,45.32181,PhotoRed
8.41939,45.31964,PhotoRed
8.41983,45.31956,PhotoRed
12.91547,41.74581,PhotoRed
12.91544,41.74625,PhotoRed
12.23414,45.55394,PhotoRed
10.47739,45.29772,PhotoRed
14.70608,40.70917,PhotoRed
8.53317,45.30172,PhotoRed
9.27183,45.59275,PhotoRed
9.27164,45.59342,PhotoRed
8.31350,46.10553,PhotoRed
8.31331,46.10603,PhotoRed
11.60858,45.08442,PhotoRed
11.60811,45.08469,PhotoRed
9.15128,45.56219,PhotoRed
8.64819,45.24769,PhotoRed
11.00783,45.26625,PhotoRed
11.00775,45.26697,PhotoRed
15.07775,37.52597,PhotoRed
15.07772,37.52586,PhotoRed
8.63667,45.60231,PhotoRed
8.63667,45.60275,PhotoRed
11.99958,45.32122,PhotoRed
9.06683,45.57500,PhotoRed
9.82147,44.10258,PhotoRed
7.54050,44.38956,PhotoRed
7.54008,44.38917,PhotoRed
12.22497,45.66878,PhotoRed
12.22436,45.66850,PhotoRed
18.25458,39.97297,PhotoRed
18.25475,39.97256,PhotoRed
9.27083,45.57661,PhotoRed
10.99081,43.86725,PhotoRed
14.24283,40.83317,PhotoRed
11.71158,45.70694,PhotoRed
11.71122,45.70631,PhotoRed
11.12375,46.07711,PhotoRed
10.55786,43.87342,PhotoRed
10.26850,45.64839,PhotoRed
10.26811,45.64881,PhotoRed
10.17453,43.95153,PhotoRed
10.17439,43.95169,PhotoRed
10.09736,44.03172,PhotoRed
9.94656,45.69719,PhotoRed
9.12072,45.61464,PhotoRed
9.04472,45.40992,PhotoRed
9.04431,45.40978,PhotoRed
8.73256,45.25189,PhotoRed
8.73261,45.25228,PhotoRed
8.51950,39.17097,PhotoRed
8.51986,39.17114,PhotoRed
13.96397,42.64719,PhotoRed
13.96333,42.64700,PhotoRed
9.83264,45.65625,PhotoRed
9.83225,45.65653,PhotoRed
11.32081,46.48361,PhotoRed
9.80797,45.33125,PhotoRed
9.27514,45.41975,PhotoRed
8.67325,45.80306,PhotoRed
14.75856,40.78464,PhotoRed
14.75572,40.78281,PhotoRed
9.82572,45.66803,PhotoRed
9.82561,45.66781,PhotoRed
9.82547,45.66797,PhotoRed
9.82578,45.66789,PhotoRed
10.23122,43.89700,PhotoRed
10.23108,43.89719,PhotoRed
11.33108,46.48806,PhotoRed
7.43358,44.41806,PhotoRed
7.75914,45.10772,PhotoRed
7.75911,45.10797,PhotoRed
7.75881,45.10797,PhotoRed
11.00619,43.91158,PhotoRed
15.04581,37.51489,PhotoRed
15.04603,37.51506,PhotoRed
11.03497,45.91353,PhotoRed
11.03497,45.91347,PhotoRed
7.63719,44.98714,PhotoRed
7.63753,44.98742,PhotoRed
10.11725,43.99653,PhotoRed
11.60864,44.84425,PhotoRed
11.11242,44.28650,PhotoRed
10.22764,45.58303,PhotoRed
9.68419,45.05211,PhotoRed
8.87297,45.60514,PhotoRed
10.87722,44.77792,PhotoRed
7.85500,45.51503,PhotoRed
15.89278,41.26003,PhotoRed
7.65028,43.78817,PhotoRed
7.63631,43.78756,PhotoRed
13.13306,43.50200,PhotoRed
9.68378,45.64533,PhotoRed
9.71364,45.67778,PhotoRed
15.08672,37.52794,PhotoRed
8.80794,45.66644,PhotoRed
10.51347,44.92533,PhotoRed
10.51306,44.92544,PhotoRed
12.69500,43.97447,PhotoRed
9.70406,45.57819,PhotoRed
12.20242,43.12481,PhotoRed
11.10592,43.76956,PhotoRed
9.50225,45.26150,PhotoRed
9.50222,45.26122,PhotoRed
9.63900,45.52442,PhotoRed
9.26825,45.55097,PhotoRed
9.26892,45.55064,PhotoRed
8.98219,44.88647,PhotoRed
8.67122,44.56075,PhotoRed
8.67153,44.56042,PhotoRed
7.52814,44.37839,PhotoRed
7.52775,44.37800,PhotoRed
8.40881,45.81631,PhotoRed
8.40861,45.81664,PhotoRed
9.73681,45.73783,PhotoRed
10.31619,44.79389,PhotoRed
10.31672,44.79406,PhotoRed
14.34828,40.82694,PhotoRed
14.35033,40.82747,PhotoRed
12.62739,44.01869,PhotoRed
7.47358,45.73764,PhotoRed
8.91828,45.47425,PhotoRed
8.91861,45.47433,PhotoRed
18.07850,40.15094,PhotoRed
18.07817,40.15147,PhotoRed
8.94303,45.58617,PhotoRed
11.33964,43.31494,PhotoRed
11.34203,43.31742,PhotoRed
11.33233,43.32347,PhotoRed
11.35311,44.49578,PhotoRed
9.04725,45.67214,PhotoRed
9.04764,45.67239,PhotoRed
11.32553,43.31828,PhotoRed
8.07258,44.75869,PhotoRed
8.07281,44.75892,PhotoRed
8.00183,45.44367,PhotoRed
8.00206,45.44406,PhotoRed
8.85033,45.52467,PhotoRed
14.25819,41.08989,PhotoRed
8.50350,40.29406,PhotoRed
9.03686,45.41283,PhotoRed
9.43178,44.26122,PhotoRed
12.31528,45.44167,PhotoRed
13.99703,42.26586,PhotoRed
7.85481,45.51575,PhotoRed
16.56308,40.83114,PhotoRed
9.07806,44.37736,PhotoRed
9.07747,44.37744,PhotoRed
11.40206,44.47300,PhotoRed
9.98531,45.27261,PhotoRed
9.98503,45.27250,PhotoRed
9.98503,45.27283,PhotoRed
9.27444,45.62736,PhotoRed
9.27503,45.62728,PhotoRed
9.27497,45.62728,PhotoRed
9.27556,45.62711,PhotoRed
8.84689,45.59547,PhotoRed
11.84158,42.03250,PhotoRed
8.54036,45.63847,PhotoRed
8.54033,45.63883,PhotoRed
9.16917,45.53603,PhotoRed
8.87206,45.48319,PhotoRed
9.64942,45.72864,PhotoRed
9.95528,45.15064,PhotoRed
9.95544,45.15061,PhotoRed
9.72450,46.15564,PhotoRed
9.72375,46.15567,PhotoRed
9.58197,45.74336,PhotoRed
9.58186,45.74311,PhotoRed
8.52536,45.88831,PhotoRed
8.52536,45.88814,PhotoRed
13.54942,41.20997,PhotoRed
7.69608,45.00019,PhotoRed
12.50086,41.88417,PhotoRed
9.87317,45.51622,PhotoRed
9.87328,45.51594,PhotoRed
15.63961,38.10133,PhotoRed
15.63903,38.10103,PhotoRed
14.72258,40.77831,PhotoRed
14.33081,40.81817,PhotoRed
14.33078,40.81803,PhotoRed
14.33056,40.81814,PhotoRed
14.26158,40.85428,PhotoRed
14.25161,37.07158,PhotoRed
14.25133,40.84628,PhotoRed
13.45139,43.28656,PhotoRed
13.45139,43.28653,PhotoRed
13.35186,41.69025,PhotoRed
13.35186,41.68975,PhotoRed
13.35164,41.69017,PhotoRed
12.52761,45.85461,PhotoRed
12.52728,45.85442,PhotoRed
12.31403,43.08744,PhotoRed
12.31417,43.08764,PhotoRed
12.24878,44.14206,PhotoRed
12.24936,44.14194,PhotoRed
12.24781,44.13853,PhotoRed
12.24644,44.13956,PhotoRed
11.73667,45.10142,PhotoRed
11.73661,45.10328,PhotoRed
11.34133,46.49228,PhotoRed
11.33242,43.32550,PhotoRed
11.33211,43.32569,PhotoRed
11.32578,46.47997,PhotoRed
11.32003,43.32964,PhotoRed
11.31972,43.32978,PhotoRed
11.12250,46.07933,PhotoRed
11.09067,43.88486,PhotoRed
11.09050,43.88486,PhotoRed
11.25211,43.78067,PhotoRed
10.95481,43.71814,PhotoRed
10.95411,43.72028,PhotoRed
10.94881,44.65553,PhotoRed
10.94856,44.65539,PhotoRed
10.77556,44.54711,PhotoRed
11.25933,43.76750,PhotoRed
11.24931,43.77619,PhotoRed
11.27019,43.77464,PhotoRed
10.22692,43.96114,PhotoRed
10.10781,44.03717,PhotoRed
11.24739,43.77556,PhotoRed
10.00303,45.66019,PhotoRed
10.00311,45.66017,PhotoRed
9.94144,45.54064,PhotoRed
9.94117,45.54056,PhotoRed
9.93914,45.89533,PhotoRed
9.93908,45.89533,PhotoRed
9.92800,46.17475,PhotoRed
9.92711,46.17511,PhotoRed
9.92756,46.17503,PhotoRed
9.87422,45.81325,PhotoRed
9.87400,45.81322,PhotoRed
9.86203,45.64242,PhotoRed
9.86153,45.64281,PhotoRed
9.80797,45.63722,PhotoRed
11.24361,43.77694,PhotoRed
11.24478,43.77944,PhotoRed
9.76878,45.71842,PhotoRed
9.73589,45.70886,PhotoRed
9.73064,45.48192,PhotoRed
9.73025,45.48189,PhotoRed
9.70525,45.53392,PhotoRed
9.70086,45.57581,PhotoRed
9.70086,45.57569,PhotoRed
11.36903,44.48203,PhotoRed
7.85600,45.51000,PhotoRed
9.27606,45.71983,PhotoRed
9.25031,45.58194,PhotoRed
9.24047,45.61922,PhotoRed
9.21150,44.41897,PhotoRed
9.21133,44.41900,PhotoRed
9.20447,45.22231,PhotoRed
9.20422,45.22244,PhotoRed
9.11186,45.57622,PhotoRed
9.11128,45.57614,PhotoRed
9.07872,45.58411,PhotoRed
9.00536,45.54403,PhotoRed
9.00456,45.54417,PhotoRed
9.00211,45.74603,PhotoRed
9.00178,44.99069,PhotoRed
9.00219,44.99092,PhotoRed
8.98667,44.88272,PhotoRed
8.98631,44.88289,PhotoRed
8.97494,44.40758,PhotoRed
8.97464,44.40736,PhotoRed
8.97472,44.40761,PhotoRed
8.97483,44.40728,PhotoRed
8.95386,44.41706,PhotoRed
8.95406,44.41708,PhotoRed
8.95089,44.40842,PhotoRed
8.95053,44.40886,PhotoRed
8.95069,44.40889,PhotoRed
8.95050,44.40847,PhotoRed
8.83008,45.81483,PhotoRed
8.65231,44.64433,PhotoRed
8.65231,44.64475,PhotoRed
8.42556,46.34406,PhotoRed
8.42561,46.34419,PhotoRed
8.32392,46.22042,PhotoRed
8.32386,46.22028,PhotoRed
8.32378,46.14161,PhotoRed
8.32392,46.14139,PhotoRed
8.32103,46.21350,PhotoRed
8.32100,46.21372,PhotoRed
7.48578,44.61008,PhotoRed
7.48586,44.61028,PhotoRed
6.86308,44.93889,PhotoRed
6.85597,44.94064,PhotoRed
12.02497,44.50808,PhotoRed
11.34875,44.50217,PhotoRed
11.35939,44.49947,PhotoRed
11.35314,44.48719,PhotoRed
11.36092,44.48161,PhotoRed
10.09386,45.27364,PhotoRed
10.45433,45.60183,PhotoRed
12.48714,41.89669,PhotoRed
13.75758,43.25950,PhotoRed
11.32406,43.32497,PhotoRed
11.32403,43.32525,PhotoRed
9.71819,45.72419,PhotoRed
9.29814,45.55411,PhotoRed
9.85183,45.77781,PhotoRed
10.72431,43.82717,PhotoRed
11.17611,46.63667,PhotoRed
10.84756,43.67864,PhotoRed
11.35617,44.49406,PhotoRed
10.30456,44.72053,PhotoRed
10.30439,44.72014,PhotoRed
13.06789,43.21911,PhotoRed
9.11661,45.76400,PhotoRed
10.35950,46.22161,PhotoRed
11.80203,45.69675,PhotoRed
13.09481,43.59597,PhotoRed
13.09472,43.59589,PhotoRed
10.06231,44.86753,PhotoRed
10.06211,44.86756,PhotoRed
7.61744,45.03239,PhotoRed
7.67450,45.06433,PhotoRed
13.13250,43.50192,PhotoRed
11.75992,45.24003,PhotoRed
9.15569,44.43753,PhotoRed
14.48036,41.02719,PhotoRed
7.61517,45.05153,PhotoRed
9.68419,45.05233,PhotoRed
12.24222,44.14158,PhotoRed
14.47564,41.19122,PhotoRed
9.06078,44.38019,PhotoRed
9.06042,44.38025,PhotoRed
11.12636,43.84500,PhotoRed
12.05647,44.21564,PhotoRed
12.05639,44.21547,PhotoRed
9.67814,45.64603,PhotoRed
7.68200,45.06164,PhotoRed
14.07144,41.01033,PhotoRed
10.77597,43.88078,PhotoRed
10.77514,43.88089,PhotoRed
14.77392,41.13333,PhotoRed
14.77369,41.13336,PhotoRed
11.00264,45.43908,PhotoRed
11.24622,44.48756,PhotoRed
14.12958,42.51503,PhotoRed
14.25061,40.91631,PhotoRed
14.25047,40.91614,PhotoRed
12.57097,45.62792,PhotoRed
10.69989,44.81039,PhotoRed
10.98703,45.44939,PhotoRed
8.58519,44.93433,PhotoRed
8.91869,45.77950,PhotoRed
8.91928,45.77994,PhotoRed
12.07236,45.55331,PhotoRed
12.07233,45.55278,PhotoRed
9.36931,45.73717,PhotoRed
9.37067,45.73717,PhotoRed
9.67889,45.66256,PhotoRed
9.67844,45.66303,PhotoRed
9.67864,45.66264,PhotoRed
11.13842,43.82081,PhotoRed
11.13817,43.82078,PhotoRed
7.65550,45.05231,PhotoRed
7.65603,45.05264,PhotoRed
9.11894,45.61778,PhotoRed
10.98278,45.42272,PhotoRed
10.32753,44.78531,PhotoRed
10.33789,44.79939,PhotoRed
10.34147,44.78939,PhotoRed
9.21922,45.52017,PhotoRed
8.78353,45.55642,PhotoRed
10.73100,43.87736,PhotoRed
11.00411,45.44256,PhotoRed
10.99689,45.43769,PhotoRed
10.99008,45.43644,PhotoRed
10.99256,45.44242,PhotoRed
11.00908,45.44069,PhotoRed
8.78622,44.76192,PhotoRed
8.79667,44.76394,PhotoRed
12.25378,45.67667,PhotoRed
15.10522,37.51617,PhotoRed
15.09336,37.51464,PhotoRed
11.81333,45.51006,PhotoRed
11.81397,45.50947,PhotoRed
10.15492,43.96850,PhotoRed
8.29397,44.82311,PhotoRed
11.19939,45.17069,PhotoRed
11.19969,45.17036,PhotoRed
14.71608,42.10253,PhotoRed
14.71572,42.10303,PhotoRed
9.29639,45.55189,PhotoRed
9.29594,45.55111,PhotoRed
17.37747,40.50081,PhotoRed
16.31003,38.28014,PhotoRed
16.31042,38.28069,PhotoRed
11.75344,42.25142,PhotoRed
11.75314,42.25189,PhotoRed
11.13181,43.83431,PhotoRed
11.13214,43.83419,PhotoRed
11.13200,43.83411,PhotoRed
11.13197,43.83439,PhotoRed
9.28817,44.37950,PhotoRed
9.27258,45.40575,PhotoRed
9.27308,45.40539,PhotoRed
10.55250,44.90508,PhotoRed
10.55275,44.90497,PhotoRed
10.92842,45.03883,PhotoRed
10.02186,45.90128,PhotoRed
7.71942,43.80169,PhotoRed
12.26011,45.67461,PhotoRed
12.25928,45.67453,PhotoRed
8.01669,43.87636,PhotoRed
10.86611,44.99064,PhotoRed
10.86514,44.99031,PhotoRed
8.33506,44.17083,PhotoRed
10.95750,43.72250,PhotoRed
10.95758,43.72217,PhotoRed
13.69631,43.36200,PhotoRed
13.71817,43.27117,PhotoRed
13.96217,41.00847,PhotoRed
18.07042,40.14953,PhotoRed
18.07075,40.15014,PhotoRed
7.68542,45.09789,PhotoRed
7.68608,45.09875,PhotoRed
11.75931,42.25100,PhotoRed
11.36292,43.77544,PhotoRed
9.27256,45.40544,PhotoRed
12.60219,44.04769,PhotoRed
12.60158,44.04819,PhotoRed
9.12517,39.22544,PhotoRed
8.80594,45.54289,PhotoRed
12.97064,46.13303,PhotoRed
12.97069,46.13325,PhotoRed
11.22242,43.80975,PhotoRed
10.18189,43.94464,PhotoRed
10.18189,43.94478,PhotoRed
10.18169,43.94481,PhotoRed
7.65614,45.09406,PhotoRed
8.26808,45.69669,PhotoRed
8.26836,45.69708,PhotoRed
7.67225,45.05486,PhotoRed
9.85694,45.57039,PhotoRed
9.70961,44.61314,PhotoRed
9.70833,44.61258,PhotoRed
9.39789,44.34417,PhotoRed
11.71269,44.35997,PhotoRed
11.71236,44.36003,PhotoRed
10.31811,44.79586,PhotoRed
11.34578,44.49881,PhotoRed
11.34981,44.49992,PhotoRed
11.76314,45.72353,PhotoRed
9.97861,44.61483,PhotoRed
11.35242,44.49897,PhotoRed
7.69400,45.26358,PhotoRed
7.65633,45.07083,PhotoRed
9.41628,45.59619,PhotoRed
9.41719,45.59628,PhotoRed
14.71069,42.12217,PhotoRed
14.70494,42.12278,PhotoRed
13.73072,41.25117,PhotoRed
13.73003,41.25128,PhotoRed
12.18217,42.22414,PhotoRed
12.18181,42.22408,PhotoRed
12.18164,42.22419,PhotoRed
12.18136,42.22414,PhotoRed
9.33853,45.50811,PhotoRed
9.33856,45.50764,PhotoRed
8.92253,45.19747,PhotoRed
8.92225,45.19744,PhotoRed
8.85714,45.25881,PhotoRed
8.85700,45.25869,PhotoRed
7.43719,44.41408,PhotoRed
7.43686,44.41442,PhotoRed
12.16367,45.63706,PhotoRed
12.16375,45.63686,PhotoRed
11.17750,46.64197,PhotoRed
11.17756,46.64194,PhotoRed
11.15692,46.67492,PhotoRed
11.15669,46.67492,PhotoRed
11.02872,45.43697,PhotoRed
11.01558,45.44014,PhotoRed
10.99383,45.42978,PhotoRed
10.98339,45.43178,PhotoRed
8.99772,45.61358,PhotoRed
8.99689,45.61353,PhotoRed
8.86656,45.26078,PhotoRed
8.86600,45.26119,PhotoRed
11.75875,42.25086,PhotoRed
8.33522,44.17086,PhotoRed
8.33508,44.17072,PhotoRed
11.75981,45.23933,PhotoRed
11.80200,45.69728,PhotoRed
11.32417,43.32517,PhotoRed
7.43383,44.41775,PhotoRed
9.81044,45.33042,PhotoRed
8.73278,45.25208,PhotoRed
10.55753,43.87319,PhotoRed
10.55744,43.87347,PhotoRed
10.55733,43.87328,PhotoRed
10.72592,43.87806,PhotoRed
13.97022,42.73756,PhotoRed
16.56825,38.77936,PhotoRed
18.00394,40.49953,PhotoRed
7.64400,45.11719,PhotoRed
7.64389,45.11714,PhotoRed
12.12664,42.13172,PhotoRed
18.16736,40.34836,PhotoRed
15.96019,39.48108,PhotoRed
12.39975,45.72728,PhotoRed
12.11228,45.54331,PhotoRed
10.97794,45.44839,PhotoRed
10.86231,43.77756,PhotoRed
8.55597,45.57375,PhotoRed
18.17433,40.34897,PhotoRed
10.32481,44.80400,PhotoRed
10.32853,44.80533,PhotoRed
10.32811,44.80961,PhotoRed
11.03414,45.38092,PhotoRed
18.18483,40.35531,PhotoRed
14.52028,37.23233,PhotoRed
9.21522,45.70811,PhotoRed
11.76894,45.69756,PhotoRed
9.72342,45.01569,PhotoRed
11.59386,45.42383,PhotoRed
11.14061,43.57456,PhotoRed
11.14114,43.57614,PhotoRed
10.61911,43.68547,PhotoRed
9.39514,45.72125,PhotoRed
9.30722,45.60808,PhotoRed
14.15781,42.51006,PhotoRed
13.13000,46.09219,PhotoRed
13.13064,46.09208,PhotoRed
12.21358,42.29022,PhotoRed
12.21392,42.29003,PhotoRed
13.45531,45.97369,PhotoRed
13.45500,45.97389,PhotoRed
11.24503,43.79761,PhotoRed
11.24517,43.79781,PhotoRed
9.22839,45.54839,PhotoRed
13.29139,45.93328,PhotoRed
13.29153,45.93306,PhotoRed
9.22778,45.54875,PhotoRed
9.59489,45.58811,PhotoRed
9.59550,45.58814,PhotoRed
14.25369,41.06439,PhotoRed
14.25364,41.06425,PhotoRed
12.30311,42.33003,PhotoRed
12.30303,42.33031,PhotoRed
12.06253,43.54411,PhotoRed
11.82033,43.05056,PhotoRed
11.82022,43.05025,PhotoRed
17.12569,40.85139,PhotoRed
8.86669,45.66861,PhotoRed
7.63975,43.78603,PhotoRed
7.64025,43.78583,PhotoRed
18.17392,40.34889,PhotoRed
14.52714,41.21642,PhotoRed
11.63639,44.38367,PhotoRed
9.15669,45.38731,PhotoRed
15.80461,40.95883,PhotoRed
13.66669,43.23681,PhotoRed
8.73086,45.68806,PhotoRed
8.01692,43.87617,PhotoRed
8.01683,43.87642,PhotoRed
10.92800,45.03914,PhotoRed
7.60917,43.79175,PhotoRed
7.60903,43.79156,PhotoRed
12.89547,42.41133,PhotoRed
9.13150,45.24953,PhotoRed
13.34061,43.59550,PhotoRed
13.75856,42.87064,PhotoRed
13.75842,42.87053,PhotoRed
13.00978,41.72644,PhotoRed
13.00958,41.72636,PhotoRed
13.00994,41.72633,PhotoRed
12.66436,43.99158,PhotoRed
12.66428,43.99169,PhotoRed
12.66458,43.99161,PhotoRed
12.39922,45.72742,PhotoRed
11.08258,43.81075,PhotoRed
11.08244,43.81094,PhotoRed
11.08203,43.81083,PhotoRed
11.07833,43.81153,PhotoRed
11.07822,43.81167,PhotoRed
9.66758,45.39894,PhotoRed
9.53561,45.70017,PhotoRed
9.53144,45.69950,PhotoRed
9.14861,45.48269,PhotoRed
8.78036,45.83736,PhotoRed
8.78117,45.83747,PhotoRed
8.46444,45.13397,PhotoRed
8.46450,45.13425,PhotoRed
8.46461,45.13414,PhotoRed
8.46419,45.13419,PhotoRed
7.64011,43.78606,PhotoRed
7.63997,43.78581,PhotoRed
8.92547,45.19658,PhotoRed
8.92594,45.19647,PhotoRed
18.16328,40.35072,PhotoRed
7.65661,45.09500,PhotoRed
9.71811,45.72408,PhotoRed
7.61689,43.78956,PhotoRed
7.61656,43.78947,PhotoRed
7.61261,43.79072,PhotoRed
7.61247,43.79050,PhotoRed
8.03100,43.88753,PhotoRed
8.03269,43.89772,PhotoRed
10.75192,44.83842,PhotoRed
14.52703,41.21631,PhotoRed
14.52681,41.21633,PhotoRed
7.99831,43.86806,PhotoRed
18.03331,40.17978,PhotoRed
18.02792,40.18064,PhotoRed
18.02714,40.17831,PhotoRed
18.03169,40.17589,PhotoRed
10.90142,44.64172,PhotoRed
10.90258,44.64131,PhotoRed
10.94786,43.71353,PhotoRed
10.94778,43.71369,PhotoRed
10.28200,45.92656,PhotoRed
9.79792,45.04394,PhotoRed
9.67433,45.48756,PhotoRed
9.67408,45.48761,PhotoRed
9.67350,45.48750,PhotoRed
9.21792,45.80981,PhotoRed
9.21492,45.80806,PhotoRed
9.16422,44.38875,PhotoRed
8.77628,45.77086,PhotoRed
8.77581,45.77058,PhotoRed
8.45639,45.14006,PhotoRed
8.45594,45.14019,PhotoRed
9.85267,45.77761,PhotoRed
10.73689,45.67281,PhotoRed
12.22658,46.14894,PhotoRed
9.23422,45.17286,PhotoRed
9.40806,45.66567,PhotoRed
9.40886,45.66550,PhotoRed
9.29764,45.87675,PhotoRed
10.16269,46.21033,PhotoRed
11.80569,43.07153,PhotoRed
11.80531,43.07158,PhotoRed
11.15542,45.32653,PhotoRed
11.15511,45.32692,PhotoRed
8.82522,45.81819,PhotoRed
15.72569,41.70719,PhotoRed
9.32989,45.36111,PhotoRed
9.32931,45.36156,PhotoRed
13.58528,41.24917,PhotoRed
13.58628,41.24939,PhotoRed
8.92839,45.60183,PhotoRed
8.93519,45.79233,PhotoRed
8.93478,45.79294,PhotoRed
14.42917,41.02481,PhotoRed
14.42864,41.02481,PhotoRed
10.18772,45.69869,PhotoRed
9.10233,44.37211,PhotoRed
9.10178,44.37200,PhotoRed
9.54556,45.57775,PhotoRed
9.65450,45.55261,PhotoRed
9.65497,45.55269,PhotoRed
10.78861,44.53242,PhotoRed
10.14011,45.35233,PhotoRed
10.14022,45.35256,PhotoRed
8.93886,45.68386,PhotoRed
10.05181,45.70081,PhotoRed
10.69969,45.60453,PhotoRed
10.69986,45.60389,PhotoRed
11.60372,44.84486,PhotoRed
18.12211,40.13100,PhotoRed
12.48339,41.81731,PhotoRed
12.50831,41.88739,PhotoRed
12.50697,41.88989,PhotoRed
8.98933,44.39942,PhotoRed
12.47167,41.90517,PhotoRed
12.48667,41.90311,PhotoRed
12.46942,41.90592,PhotoRed
10.31517,44.80411,PhotoRed
9.33731,45.63531,PhotoRed
9.33731,45.63569,PhotoRed
9.33694,45.63558,PhotoRed
9.33689,45.63531,PhotoRed
13.96150,41.00900,PhotoRed
9.14881,45.48269,PhotoRed
9.58750,45.69639,PhotoRed
9.17400,45.46286,PhotoRed
12.68375,45.79575,PhotoRed
12.52800,41.93189,PhotoRed
12.51681,41.92961,PhotoRed
12.49050,41.89889,PhotoRed
12.48064,41.87519,PhotoRed
9.64539,45.73739,PhotoRed
12.47911,41.86589,PhotoRed
7.81692,44.39547,PhotoRed
12.51661,41.91064,PhotoRed
12.51650,41.91067,PhotoRed
12.51747,41.92092,PhotoRed
12.50011,41.90411,PhotoRed
12.50194,41.91669,PhotoRed
12.51578,41.92539,PhotoRed
12.50411,41.91503,PhotoRed
13.63886,43.28317,PhotoRed
13.63928,43.28311,PhotoRed
13.63908,43.28319,PhotoRed
13.63911,43.28306,PhotoRed
14.74372,40.90428,PhotoRed
14.74356,40.90411,PhotoRed
9.82828,45.70758,PhotoRed
10.60381,45.08508,PhotoRed
8.93569,45.59528,PhotoRed
8.93528,45.59531,PhotoRed
10.75669,45.14775,PhotoRed
10.95047,43.71794,PhotoRed
12.12100,45.43381,PhotoRed
10.90583,44.63406,PhotoRed
12.51761,41.93050,PhotoRed
11.00153,45.43922,PhotoRed
7.58428,44.50094,PhotoRed
7.58461,44.50081,PhotoRed
11.34358,44.50531,PhotoRed
7.28328,45.71989,PhotoRed
12.46817,41.89831,PhotoRed
12.46950,41.89758,PhotoRed
12.31978,45.68906,PhotoRed
8.64872,45.82867,PhotoRed
12.25553,41.79431,PhotoRed
8.23172,44.09667,PhotoRed
9.28503,45.58822,PhotoRed
9.28508,45.58814,PhotoRed
11.15661,46.66683,PhotoRed
12.46508,41.89817,PhotoRed
9.66919,45.04656,PhotoRed
9.66858,45.04672,PhotoRed
8.83178,45.46944,PhotoRed
10.58872,43.65092,Semaforo@30
11.82789,45.41706,Semaforo@30
11.87969,45.41603,Semaforo@30
11.82661,45.41758,Semaforo@30
7.73442,45.13167,Semaforo@30
8.90092,45.52656,Semaforo@30
10.58853,43.65044,Semaforo@30
15.89306,41.25975,Semaforo@30
9.15147,45.61725,Semaforo@30
9.15214,45.61742,Semaforo@30
11.34769,46.50992,Semaforo@40
8.93886,44.59311,Semaforo@50
8.95103,44.60083,Semaforo@50
8.95033,44.60128,Semaforo@50
10.41689,45.30614,Semaforo@50
8.88831,45.61081,Semaforo@50
9.15778,45.49431,Semaforo@50
9.19592,45.49508,Semaforo@50
13.74114,41.24867,Semaforo@50
11.66128,45.85806,Semaforo@50
13.89139,41.10600,Semaforo@50
13.89222,41.10542,Semaforo@50
9.11275,45.52636,Semaforo@50
9.11639,45.52167,Semaforo@50
7.89264,45.28333,Semaforo@50
9.11897,45.43689,Semaforo@50
15.30508,37.88033,Semaforo@50
8.85936,44.72058,Semaforo@50
9.13381,45.04925,Semaforo@50
9.22775,44.34619,Semaforo@50
7.89222,45.28783,Semaforo@50
10.21511,45.51536,Semaforo@50
13.74078,41.24878,Semaforo@50
10.49342,44.99572,Semaforo@50
9.13369,45.04867,Semaforo@50
9.11800,44.97889,Semaforo@50
9.14314,45.47903,Semaforo@50
9.02847,45.37919,Semaforo@50
9.35203,44.33042,Semaforo@50
7.64006,45.12478,Semaforo@50
13.70300,41.25767,Semaforo@50
7.64392,45.11964,Semaforo@50
9.18975,45.50936,Semaforo@50
10.14086,43.98258,Semaforo@50
9.18944,45.50878,Semaforo@50
12.25928,45.71283,Semaforo@50
11.78939,45.66756,Semaforo@50
9.95053,44.29572,Semaforo@50
14.83219,41.09447,Semaforo@50
9.11203,45.52722,Semaforo@50
9.11850,44.97850,Semaforo@50
9.95078,44.29497,Semaforo@50
13.70375,41.25750,Semaforo@50
9.02825,45.38075,Semaforo@50
12.20117,41.91536,Semaforo@50
12.20008,41.91600,Semaforo@50
10.16708,46.21658,Semaforo@50
11.18556,44.63342,Semaforo@50
9.35197,44.32967,Semaforo@50
14.83461,41.09089,Semaforo@50
11.18528,44.63306,Semaforo@50
11.61214,44.89136,Semaforo@50
14.30789,40.96797,Semaforo@50
11.61367,44.89147,Semaforo@50
11.66108,45.85825,Semaforo@50
16.41897,41.25158,Semaforo@50
16.41897,41.25178,Semaforo@50
13.35389,41.34758,Semaforo@50
13.35347,41.34753,Semaforo@50
11.85761,45.59183,Semaforo@50
10.49456,43.72436,Semaforo@50
10.49367,43.72475,Semaforo@50
14.49339,41.03094,Semaforo@50
7.58689,45.05225,Semaforo@50
13.00969,43.25372,Semaforo@50
7.61464,45.05106,Semaforo@50
11.89339,44.98808,Semaforo@50
7.61611,45.05111,Semaforo@50
7.58569,45.05219,Semaforo@50
7.73489,45.13244,Semaforo@50
8.21700,44.08231,Semaforo@50
11.88225,45.39569,Semaforo@50
12.21392,44.71931,Semaforo@50
11.87825,45.41394,Semaforo@50
11.19956,44.45700,Semaforo@50
14.05344,42.30428,Semaforo@50
15.30478,37.88006,Semaforo@50
7.58919,45.21411,Semaforo@50
7.58858,45.21392,Semaforo@50
8.69875,44.53433,Semaforo@50
9.03953,39.27181,Semaforo@50
9.04019,39.27153,Semaforo@50
9.10856,39.23942,Semaforo@50
9.10983,45.36075,Semaforo@50
9.10997,45.36039,Semaforo@50
9.30356,45.59086,Semaforo@50
18.07792,39.98711,Semaforo@50
18.07850,39.98664,Semaforo@50
12.26728,45.14606,Semaforo@50
12.26706,45.14542,Semaforo@50
9.61786,45.20139,Semaforo@50
9.75186,45.58914,Semaforo@50
9.75264,45.58931,Semaforo@50
9.76958,45.53225,Semaforo@50
9.84775,45.29128,Semaforo@50
9.93600,45.57853,Semaforo@50
9.93681,45.57825,Semaforo@50
10.02703,45.57578,Semaforo@50
10.14117,43.98247,Semaforo@50
10.16761,46.21650,Semaforo@50
10.79314,45.20317,Semaforo@50
10.79347,45.20453,Semaforo@50
11.72631,43.33603,Semaforo@50
11.89261,44.98811,Semaforo@50
11.98897,45.13281,Semaforo@50
12.19986,41.91611,Semaforo@50
12.20072,41.91556,Semaforo@50
12.21325,44.72047,Semaforo@50
12.25969,45.71231,Semaforo@50
11.19981,44.45739,Semaforo@50
12.64794,45.51169,Semaforo@50
13.00969,43.25406,Semaforo@50
16.76267,38.90547,Semaforo@50
14.30731,40.96767,Semaforo@50
15.78753,39.88472,Semaforo@50
11.86339,45.38589,Semaforo@50
14.49242,41.03044,Semaforo@50
14.05283,42.30361,Semaforo@50
9.11900,45.43697,Semaforo@50
12.63772,45.68400,Semaforo@50
10.41700,45.30686,Semaforo@50
9.30294,45.60158,Semaforo@50
16.76197,38.90511,Semaforo@50
12.48536,45.67814,Semaforo@50
12.92050,41.76858,Semaforo@50
12.92025,41.76814,Semaforo@50
9.26906,45.60239,Semaforo@50
12.63653,45.68367,Semaforo@50
12.25947,45.77994,Semaforo@50
12.25925,45.78081,Semaforo@50
11.72614,43.33581,Semaforo@50
12.68256,45.79575,Semaforo@50
10.49394,44.99608,Semaforo@50
15.77833,39.90003,Semaforo@50
8.13928,43.94886,Semaforo@50
8.13964,43.94892,Semaforo@50
11.66100,45.85814,Semaforo@50
10.41669,45.30667,Semaforo@50
10.41736,45.30650,Semaforo@50
11.27800,45.31372,Semaforo@50
14.83186,41.09486,Semaforo@50
13.81594,42.88811,Semaforo@50
13.81553,42.88803,Semaforo@50
10.02658,45.57603,Semaforo@50
9.84700,45.29097,Semaforo@50
11.32661,45.37989,Semaforo@50
11.32619,45.38000,Semaforo@50
8.52544,45.86939,Semaforo@50
8.52592,45.86875,Semaforo@50
13.35361,41.34775,Semaforo@50
9.32375,45.57986,Semaforo@50
8.93886,44.59278,Semaforo@60
12.26331,41.76597,Semaforo@60
12.26750,41.76222,Semaforo@60
12.05522,41.98281,Semaforo@60
12.05453,41.98300,Semaforo@60
8.96869,45.48239,Semaforo@60
8.96956,45.48244,Semaforo@60
12.26392,41.76553,Semaforo@60
8.99317,45.44144,Semaforo@70
9.20075,45.50669,Semaforo@70
8.80303,44.89250,Semaforo@70
7.57744,45.05264,Semaforo@70
7.57678,45.05256,Semaforo@70
8.50572,45.21592,Semaforo@70
8.50622,45.21564,Semaforo@70
11.99769,45.61544,Semaforo@70
8.99197,45.44111,Semaforo@70
9.41361,45.63203,Semaforo@70
9.41378,45.63139,Semaforo@70
9.85581,45.80106,Semaforo@70
11.30939,43.75500,Semaforo@70
9.81661,45.58997,Semaforo@90
9.81661,45.58969,Semaforo@90
