6.85585,44.94064,ROSSOSTOP@50
7.01643,45.12688,ROSSOSTOP@50
7.01861,45.12648,ROSSOSTOP@50
7.05022,45.13837,PHOTORED
7.08415,45.13869,ROSSOSTOP@50
7.08858,45.13838,ROSSOSTOP@70
7.14234,45.13878,ROSSOSTOP
7.15712,45.13792,ROSSOSTOP
7.17374,45.12947,ROSSOSTOP@50
7.25034,44.81326,PHOTORED
7.33078,44.88459,VISTARED
7.33269,44.87855,VISTARED
7.33768,44.88600,VISTARED
7.34959,45.74324,ROSSOSTOP@50
7.35093,45.74385,ROSSOSTOP@50
7.35980,45.74611,ROSSOSTOP@30
7.36173,45.74658,ROSSOSTOP@30
7.42868,45.09448,ROSSOSTOP@50
7.43108,44.42217,ROSSOSTOP@50
7.43372,44.41791,PHOTORED
7.43564,45.08353,PHOTORED
7.46859,45.04169,PHOTORED
7.48229,44.47578,ROSSOSTOP@50
7.48273,44.47373,ROSSOSTOP@50
7.48582,44.61022,PHOTORED
7.48784,44.61478,PHOTORED
7.49283,44.89184,ROSSOSTOP SICURVELOX
7.50758,44.94061,PHOTORED
7.50881,44.95321,PHOTORED
7.51540,45.10937,VISTARED RH
7.51582,45.24353,PHOTORED
7.51590,45.10903,VISTARED RH
7.51607,44.99259,PHOTORED
7.52481,44.97836,PHOTORED
7.52543,45.03163,VISTARED
7.52636,45.09877,VISTARED RH
7.52641,45.09774,VISTARED RH
7.52968,45.00740,VISTARED
7.53019,45.09924,VISTARED RH
7.53380,44.99910,VISTARED
7.53754,44.93489,PHOTORED
7.53757,45.01088,VISTARED
7.53823,44.93285,PHOTORED
7.53923,45.07116,PHOTORED
7.54335,45.26015,PHOTORED
7.54597,45.10313,PHOTORED
7.56208,45.19459,PHOTORED
7.56369,45.01378,VISTARED
7.56670,45.01481,PHOTORED
7.57387,45.24607,PHOTORED
7.57685,45.05253,T-RED
7.57740,45.05262,T-RED
7.58432,44.50074,ROSSOSTOP
7.58614,45.05209,PHOTORED
7.58650,45.05235,PHOTORED
7.59345,44.34788,ROSSOSTOP@50
7.59482,44.34596,ROSSOSTOP@50
7.59839,44.80252,VISTARED
7.60371,44.96055,PHOTORED FTR
7.60887,44.92927,ROSSOSTOP@40
7.60944,44.93048,ROSSOSTOP@40
7.61311,45.23172,PHOTORED
7.61492,45.05101,PHOTORED
7.61580,45.05112,PHOTORED
7.62205,45.20088,PHOTORED
7.62227,45.20021,PHOTORED
7.62237,44.81873,PHOTORED@50
7.62555,44.97772,PHOTORED
7.62595,43.80901,PHOTORED
7.62870,43.81406,PHOTORED
7.63359,45.03983,EnVES EVO MVD 1605
7.63398,45.04044,EnVES EVO MVD 1605
7.63431,45.05538,EnVES EVO MVD 1605
7.63489,45.05491,EnVES EVO MVD 1605
7.63496,45.04054,EnVES EVO MVD 1605
7.63807,45.06910,EnVES EVO MVD 1605
7.63841,45.06860,EnVES EVO MVD 1605
7.63869,45.06930,EnVES EVO MVD 1605
7.63896,45.06875,EnVES EVO MVD 1605
7.63959,45.18871,PHOTORED
7.63980,45.12482,PHOTORED
7.63995,45.03018,EnVES EVO MVD 1605
7.64004,45.03079,EnVES EVO MVD 1605
7.64716,44.36044,ROSSOSTOP@50
7.64740,44.99539,PHOTORED
7.64973,45.08454,EnVES EVO MVD 1605@50
7.65005,45.08524,EnVES EVO MVD 1605@50
7.65107,45.08742,EnVES EVO MVD 1605@50
7.65141,45.03121,EnVES EVO MVD 1605
7.65144,45.08708,EnVES EVO MVD 1605@50
7.65160,45.08757,EnVES EVO MVD 1605@50
7.65205,45.08721,EnVES EVO MVD 1605@50
7.65219,44.86414,ROSSOSTOP@50
7.65230,45.03101,EnVES EVO MVD 1605
7.65252,44.86439,ROSSOSTOP@50
7.65280,45.03895,EnVES EVO MVD 1605
7.65286,45.03845,EnVES EVO MVD 1605
7.65436,45.09147,EnVES EVO MVD 1605@50
7.65456,45.09197,EnVES EVO MVD 1605@50
7.65473,45.15462,PHOTORED
7.65557,45.00209,VISTARED
7.65579,44.63988,PHOTORED
7.66177,45.04690,EnVES EVO MVD 1605
7.66183,45.04645,EnVES EVO MVD 1605
7.66219,45.06858,EnVES EVO MVD 1605
7.66243,45.04651,EnVES EVO MVD 1605
7.66269,45.06802,EnVES EVO MVD 1605
7.66308,45.06889,EnVES EVO MVD 1605
7.66349,45.06844,EnVES EVO MVD 1605
7.66575,45.06746,EnVES EVO MVD 1605
7.66601,45.06699,EnVES EVO MVD 1605
7.66645,45.06761,EnVES EVO MVD 1605
7.66675,45.06710,EnVES EVO MVD 1605
7.67281,45.00500,PHOTORED
7.67314,45.00509,PHOTORED
7.67345,45.00475,PHOTORED
7.67399,45.00488,PHOTORED
7.68590,45.00984,PHOTORED
7.68671,44.70374,ROSSOSTOP
7.68786,45.08889,EnVES EVO MVD 1605
7.68850,45.08892,EnVES EVO MVD 1605
7.68934,44.71428,ROSSOSTOP@50
7.69590,44.99999,PHOTORED
7.70523,45.13748,PHOTORED
7.71024,44.99724,PHOTORED
7.71255,45.16914,T-RED
7.71483,44.54266,PHOTORED
7.71564,45.33130,ROSSOSTOP@50
7.71864,44.86213,ROSSOSTOP
7.71972,44.86133,ROSSOSTOP
7.71980,45.24957,PHOTORED
7.72385,44.85580,PHOTORED
7.73472,45.13214,PHOTORED
7.73615,44.98464,FTR RH
7.74521,44.43061,PHOTORED
7.74842,45.15196,PHOTORED
7.74896,45.09203,PHOTORED
7.75652,45.13090,T-RED
7.75747,45.14111,PHOTORED
7.75864,45.10351,VISTARED
7.75898,45.10787,PHOTORED
7.76153,45.13965,PHOTORED RH
7.76940,44.96827,PHOTORED
7.77041,45.14886,VISTARED
7.77045,44.96761,PHOTORED
7.77245,45.60297,ROSSOSTOP@50
7.77507,45.13583,PHOTORED RH
7.77510,45.10725,VISTARED
7.77556,45.60273,ROSSOSTOP@50
7.77600,45.20536,PHOTORED
7.77727,45.20435,PHOTORED
7.78591,45.19202,PHOTORED
7.78954,44.63617,PHOTORED
7.79971,45.33073,VISTARED
7.80269,45.02574,PHOTORED
7.81510,44.94293,ROSSOSTOP
7.82830,45.01572,PHOTORED
7.83410,45.00859,PHOTORED FTR
7.83547,45.33451,VISTARED
7.83785,44.92229,PHOTORED
7.84233,45.63068,ROSSOSTOP
7.84704,45.63464,ROSSOSTOP
7.85803,44.64343,ROSSOSTOP
7.86722,45.45635,PHOTORED TRAFFIPAX RH
7.86905,45.40277,PHOTORED
7.87876,45.30824,PHOTORED
7.87881,45.45314,PHOTORED TRAFFIPAX RH
7.87992,43.83948,PHOTORED
7.89211,45.28846,ROSSOSTOP
7.89223,45.28780,PHOTORED RH
7.89254,45.28360,PHOTORED RH@50
7.90388,45.46937,PHOTORED TRAFFIPAX RH
7.98590,44.79524,PHOTORED
8.00196,45.44386,PHOTORED
8.05516,45.35100,PHOTORED
8.06967,45.15660,ROSSOSTOP
8.08881,45.40607,PHOTORED
8.09758,45.23039,T-RED
8.11235,45.44452,PHOTORED
8.12013,45.50634,VISTARED
8.13112,44.09181,ROSSOSTOP
8.13826,44.07741,ROSSOSTOP
8.13872,43.97188,ROSSOSTOP@50
8.13949,44.07727,ROSSOSTOP
8.14618,43.95734,ROSSOSTOP@50
8.14835,45.08741,ROSSOSTOP@50
8.16128,43.95320,ROSSOSTOP@50
8.16541,45.49091,PHOTORED
8.17146,44.05653,ROSSOSTOP@50
8.17326,44.05675,ROSSOSTOP@50
8.20290,44.76036,PHOTORED
8.20982,44.12450,PHOTORED
8.21458,45.11546,ROSSOSTOP@50
8.21516,44.90002,ROSSOSTOP
8.21683,44.08216,PHOTORED
8.24093,44.10867,PHOTORED
8.26820,45.69685,ROSSOSTOP
8.28110,45.45519,PHOTORED
8.28896,45.60646,PHOTORED
8.29641,46.10848,ROSSOSTOP@50
8.30128,46.08184,ROSSOSTOP
8.30562,45.53735,PHOTORED@50
8.31151,44.15812,PHOTORED
8.31341,46.10577,ROSSOSTOP
8.31425,46.12007,ROSSOSTOP
8.31696,40.56341,ROSSOSTOP@30
8.31880,40.56661,ROSSOSTOP@30
8.32183,45.67477,ROSSOSTOP
8.32391,46.22036,ROSSOSTOP@50
8.32929,44.64837,ROSSOSTOP
8.33252,45.66738,ROSSOSTOP
8.33269,45.66518,ROSSOSTOP
8.33514,44.17079,PHOTORED
8.35307,44.59934,PHOTORED RH FTR
8.35367,44.60223,PHOTORED RH FTR
8.36697,45.61792,ROSSOSTOP@50
8.36721,45.65304,ROSSOSTOP@50
8.38003,45.63523,ROSSOSTOP
8.38748,45.63064,ROSSOSTOP
8.38896,45.63211,ROSSOSTOP
8.40873,45.81651,ROSSOSTOP
8.41955,45.31962,PHOTORED
8.42040,45.32179,PHOTORED
8.42310,45.95833,ROSSOSTOP
8.42497,45.31863,T-RED
8.42657,45.31420,T-RED
8.43450,45.58086,ROSSOSTOP
8.43915,45.57455,ROSSOSTOP
8.44057,44.72268,ROSSOSTOP
8.46050,45.55374,PHOTORED
8.46386,45.45407,PHOTORED
8.47697,45.54091,PHOTORED
8.48853,44.86334,ROSSOSTOP
8.49151,46.12919,ROSSOSTOP
8.49485,40.75750,ROSSOSTOP
8.50063,44.66275,ROSSOSTOP RH
8.50449,44.66238,PHOTORED RH FTR
8.51229,45.86413,ROSSOSTOP
8.51385,45.94965,ROSSOSTOP@50
8.52227,45.80522,ROSSOSTOP@50
8.52565,45.86918,ROSSOSTOP
8.52601,45.80827,T-RED
8.52899,44.75185,T-RED RH
8.52967,45.74913,PHOTORED
8.53238,45.30175,PHOTORED
8.53683,45.81943,ROSSOSTOP@50
8.53808,39.31051,TRAFFIPHOT RH
8.54034,45.63864,ROSSOSTOP
8.54255,45.62449,ROSSOSTOP
8.54269,45.45401,PHOTORED
8.54848,44.64898,ROSSOSTOP RH@50
8.55160,44.64698,ROSSOSTOP RH@50
8.55525,44.70697,ROSSOSTOP
8.55568,45.57424,PHOTORED
8.56560,44.60299,ROSSOSTOP@50
8.57617,44.88177,ROSSOSTOP@50
8.58597,44.63410,ROSSOSTOP@50
8.59625,39.89559,PARVC
8.59687,45.75020,TRAFFIPHOT RH
8.59764,45.69650,PHOTORED
8.59816,44.89662,T-RED
8.59900,44.61829,PHOTORED RH FTR
8.60149,44.61846,ROSSOSTOP RH@50
8.62258,44.83555,ROSSOSTOP
8.62313,44.93756,T-RED
8.62615,44.91118,VISTARED
8.63079,44.90989,ROSSOSTOP
8.63289,39.72455,PHOTORED
8.63811,39.72399,PHOTORED
8.63847,45.71288,ROSSOSTOP
8.66473,45.89536,T-RED
8.66546,45.89549,T-RED
8.66731,45.11855,PHOTORED
8.66824,45.84056,PHOTORED
8.66847,45.20056,ROSSOSTOP@50
8.66867,45.84135,PHOTORED
8.66913,45.34913,PHOTORED
8.66924,45.34950,PHOTORED
8.67450,45.87461,PHOTORED
8.68069,44.84103,ROSSOSTOP RH
8.68952,44.87815,ROSSOSTOP
8.69823,44.91527,VISTARED
8.70222,44.86655,ROSSOSTOP
8.70609,45.29404,PHOTORED
8.71789,44.85217,VISTARED
8.72234,44.88546,ROSSOSTOP@70
8.73919,45.67608,PHOTORED
8.74481,39.45705,PHOTORED
8.74505,45.30565,PHOTORED
8.74534,44.82693,ROSSOSTOP
8.74887,45.30997,PHOTORED
8.77548,45.54829,PHOTORED
8.77858,45.58029,PHOTORED
8.78050,45.57218,PHOTORED
8.78353,45.55605,PHOTORED
8.78574,45.55051,PHOTORED
8.78580,44.76198,PHOTORED
8.78726,44.76576,PHOTORED
8.78950,45.17084,PHOTORED
8.78972,45.17156,PHOTORED
8.79661,44.76379,PHOTORED
8.80322,44.89257,PHOTORED RH
8.80617,45.54280,PHOTORED
8.81999,45.50559,PHOTORED
8.82305,45.50582,PHOTORED
8.82310,45.45460,PHOTORED
8.82550,45.65909,PHOTORED
8.83485,45.66990,T-RED ROSSOSTOP@50
8.84138,45.46932,PHOTORED
8.84828,45.46047,PHOTORED
8.84976,45.52477,PHOTORED
8.85044,45.51069,PHOTORED
8.85205,44.42154,T-RED
8.85582,44.88930,PHOTORED@50
8.85758,45.50132,T-RED
8.85780,45.50082,T-RED
8.85936,44.72066,PHOTORED RH@50
8.85946,45.11551,ROSSOSTOP
8.86027,45.51477,PHOTORED@50
8.86036,45.86086,PHOTORED@50
8.86589,45.56635,PHOTORED@50
8.86817,45.66498,PHOTORED RH
8.87136,45.54972,PHOTORED
8.87574,45.55200,PHOTORED
8.87626,45.70461,PHOTORED
8.87715,45.70489,PHOTORED
8.88471,45.70698,ROSSOSTOP@50
8.88838,45.61063,PHOTORED RH@50
8.89235,44.70624,ROSSOSTOP@50
8.89616,45.61465,PHOTORED RH
8.89979,45.64067,ROSSOSTOP RH@50
8.90000,44.41053,T-RED
8.90120,45.50235,PHOTORED@50
8.90783,45.09764,PHOTORED@50
8.90816,45.50700,PHOTORED@50
8.91151,45.12755,PHOTORED@50
8.91218,45.11040,PHOTORED@50
8.91399,45.62553,PHOTORED RH
8.91713,44.90729,PHOTORED@50
8.92159,44.90642,PHOTORED
8.92627,45.57180,VISTARED
8.92688,45.00619,ROSSOSTOP@50
8.92774,45.58875,T-RED RH
8.92849,45.19007,PHOTORED
8.92891,45.56829,PHOTORED
8.93130,45.69051,ROSSOSTOP@50
8.93548,45.59526,PARVC
8.93682,45.68246,ROSSOSTOP@50
8.93742,45.78948,ROSSOSTOP@50
8.93793,45.59727,PARVC@50
8.93891,44.59301,PHOTORED RH F17A@50
8.94299,45.60163,PHOTORED
8.94367,45.48612,PHOTORED@50
8.94471,44.61602,PHOTORED RH F17A
8.94488,44.40034,T-RED
8.94667,45.03722,PHOTORED@50
8.94730,45.03902,PHOTORED@50
8.95079,44.60100,PHOTORED RH F17A@50
8.95178,44.40439,PHOTORED@50
8.95201,44.40486,T-RED
8.95510,45.61891,PHOTORED@50
8.96080,45.56829,PHOTORED
8.96098,45.15222,PHOTORED@50
8.96206,45.80904,PHOTORED@50
8.96316,45.78604,ROSSOSTOP@50
8.96480,44.40458,T-RED
8.96657,45.78380,PHOTORED@50
8.96909,45.48240,PHOTORED
8.97131,45.78322,PHOTORED@50
8.97135,45.06319,PHOTORED@50
8.97258,45.78287,PHOTORED@50
8.97533,45.64525,ROSSOSTOP RH@50
8.97559,45.77812,PHOTORED@50
8.97571,44.39520,T-RED
8.98076,45.73100,PHOTORED@50
8.98163,44.99614,PHOTORED@50
8.98373,44.40301,PHOTORED@50
8.98613,45.17874,ROSSOSTOP@50
8.98672,44.98481,ROSSOSTOP@50
8.98793,45.48421,PHOTORED
8.98955,44.99467,ROSSOSTOP@50
8.99101,45.76781,ROSSOSTOP@50
8.99272,45.44133,PHOTORED@50
8.99385,45.77082,ROSSOSTOP@50
8.99851,45.02435,ROSSOSTOP@50
8.99967,45.12152,ROSSOSTOP@50
9.00628,45.59145,ROSSOSTOP@50
9.00704,45.00252,ROSSOSTOP@50
9.00833,44.98099,PHOTORED@50
9.00837,44.97263,ROSSOSTOP@50
9.01305,44.93599,ROSSOSTOP@50
9.01691,45.05545,ROSSOSTOP@50
9.01856,44.98345,ROSSOSTOP@50
9.01983,44.99800,PHOTORED
9.02007,45.33375,V-RED RH@50
9.02023,45.33272,V-RED RH@50
9.02214,45.03126,ROSSOSTOP@50
9.02216,44.93512,ROSSOSTOP@50
9.02252,44.92805,ROSSOSTOP@50
9.02404,44.98668,ROSSOSTOP@50
9.02485,45.03599,ROSSOSTOP@50
9.02698,45.56798,PHOTORED
9.02825,44.99803,ROSSOSTOP@50
9.02826,45.38045,PHOTORED
9.03347,45.53632,PHOTORED RH@50
9.03850,45.66553,PHOTORED
9.03888,45.71913,ROSSOSTOP@50
9.04445,45.03639,ROSSOSTOP@50
9.04555,45.40819,PHOTORED FTR
9.04678,45.53785,PHOTORED
9.04751,45.67231,PHOTORED
9.04817,45.33383,PHOTORED
9.04943,45.33222,PHOTORED@50
9.04970,45.47627,PHOTORED
9.05343,45.41265,PHOTORED
9.05664,45.13977,ROSSOSTOP@50
9.06000,44.89420,PHOTORED
9.06149,44.89485,ROSSOSTOP@50
9.06281,45.42280,PHOTORED
9.06376,44.87858,ROSSOSTOP@50
9.06403,45.47861,ROSSOSTOP@50
9.06413,45.69889,ROSSOSTOP@50
9.06643,45.46390,PHOTORED
9.07136,45.41751,PHOTORED FTR RH
9.07450,45.71846,PHOTORED T-RED@50
9.07849,45.52871,PHOTORED RH
9.07879,45.42888,T-RED RH
9.07906,45.42907,T-RED RH
9.08358,45.43056,T-RED RH
9.08463,45.43119,T-RED RH
9.08691,44.45029,PHOTORED
9.08903,45.43256,T-RED RH
9.08953,45.80855,PHOTORED RH
9.08993,45.43324,T-RED RH
9.09066,39.24250,ROSSOSTOP@50
9.09515,45.42742,PHOTORED FTR RH
9.09574,45.42756,PHOTORED T-RED@50
9.09639,45.54596,PHOTORED
9.10038,45.14136,ROSSOSTOP@50
9.10072,45.54168,PHOTORED
9.10109,45.54128,PHOTORED
9.10197,45.00398,PHOTORED
9.10262,45.42931,TRAFFIPAX
9.10339,45.32915,ROSSOSTOP@50
9.10544,45.86438,PHOTORED
9.10608,45.31711,PHOTORED@50
9.10674,45.57568,ROSSOSTOP@50
9.10718,39.25148,PHOTORED
9.10831,45.43336,PHOTORED FTR RH
9.11092,45.66506,PHOTORED
9.11141,45.57618,ROSSOSTOP@50
9.11235,45.44159,PHOTORED FTR RH
9.11237,45.15579,ROSSOSTOP@50
9.11239,45.52676,TRAFFIPHOT III-G RH
9.11264,45.43545,PHOTORED FTR RH
9.11282,45.44187,PHOTORED FTR RH
9.11444,45.74175,PHOTORED
9.11606,45.19591,ROSSOSTOP@50
9.11614,45.14274,ROSSOSTOP@50
9.11635,45.52171,TRAFFIPHOT III-G RH
9.11666,45.76379,PHOTORED
9.11816,45.01328,PHOTORED
9.11826,44.97868,PHOTORED ROSSOSTOP@50
9.11899,45.47291,PHOTORED RH
9.11937,45.58216,PHOTORED
9.12088,44.82838,ROSSOSTOP@50
9.12145,45.74068,PHOTORED
9.12167,45.44537,PHOTORED RH TRAFFIPHOT
9.12187,45.44531,PHOTORED RH TRAFFIPHOT
9.12340,45.41644,PHOTORED RH
9.12356,39.21333,PHOTORED RH
9.12485,39.21816,PHOTORED
9.12522,39.22562,PHOTORED
9.12546,44.82462,ROSSOSTOP@50
9.12610,44.97449,ROSSOSTOP@50
9.12671,45.35337,TRAFFIPHOT@50
9.12791,45.35143,ROSSOSTOP@50
9.12794,45.02176,ROSSOSTOP@50
9.12812,39.21909,PHOTORED
9.12847,39.23212,ROSSOSTOP@50
9.12988,45.49779,PHOTORED
9.13020,39.22017,PHOTORED
9.13021,45.25304,VISTARED
9.13031,39.22020,PHOTORED
9.13033,45.25268,VISTARED
9.13080,45.49744,PHOTORED
9.13123,39.22446,PHOTORED VISTARED
9.13148,45.24962,PHOTORED
9.13199,39.22859,PHOTORED
9.13345,39.23027,PHOTORED
9.13347,45.57943,PHOTORED
9.13374,45.04894,PHOTORED
9.13394,39.25278,PHOTORED
9.13396,45.06938,VISTARED
9.13424,39.25308,PHOTORED
9.13434,39.22966,PHOTORED
9.13533,45.15729,ROSSOSTOP@50
9.13618,45.64343,PHOTORED
9.13623,45.36831,ROSSOSTOP@50
9.13685,45.61459,PHOTORED
9.13687,45.73761,PHOTORED
9.13729,45.46739,TRAFFIPHOT RH
9.13817,39.23427,PHOTORED
9.14443,45.74931,ROSSOSTOP@50
9.14474,45.48550,PHOTORED RH
9.14482,45.48585,PHOTORED RH
9.14501,45.17145,VISTARED RH
9.14534,45.17137,VISTARED RH
9.14713,45.18424,PHOTORED
9.14883,44.96767,ROSSOSTOP@50
9.14931,45.45403,PHOTORED
9.14939,45.72194,PHOTORED
9.14944,45.72182,PHOTORED
9.15063,45.02391,PHOTORED
9.15103,45.48095,PHOTORED
9.15167,45.49000,PHOTORED
9.15285,45.55774,ROSSOSTOP@50
9.15358,45.18158,VISTARED
9.15419,45.39934,PHOTORED
9.15506,44.82338,ROSSOSTOP@50
9.15627,45.51667,PHOTORED
9.15709,44.82384,ROSSOSTOP@50
9.15767,45.49422,PHOTORED
9.16249,45.19058,PHOTORED
9.16453,45.18472,PHOTORED
9.16481,45.07021,ROSSOSTOP@50
9.16502,45.65809,ROSSOSTOP@50
9.16604,44.95652,ROSSOSTOP@50
9.16675,45.19361,VISTARED
9.16677,45.57103,ROSSOSTOP PHOTORED@50
9.16985,45.20105,VISTARED
9.17091,45.18176,VISTARED
9.17141,44.95486,ROSSOSTOP@50
9.17246,45.06769,ROSSOSTOP@50
9.17340,45.65585,PHOTORED
9.17449,45.67476,ROSSOSTOP@50
9.17498,45.07577,ROSSOSTOP@50
9.17552,45.52345,PHOTORED
9.17639,45.67657,ROSSOSTOP@50
9.17656,45.73618,ROSSOSTOP@50
9.17864,45.51647,ROSSOSTOP@70
9.18147,45.22973,ROSSOSTOP@50
9.18335,45.18842,PHOTORED
9.18432,45.25457,ROSSOSTOP@50
9.18499,44.42913,ROSSOSTOP@50
9.18536,45.76851,T-RED RH
9.18611,45.55307,PHOTORED
9.18754,39.25871,PHOTORED@50
9.18761,45.37380,T-RED RH
9.18776,45.43731,PHOTORED RH
9.18876,45.37203,T-RED RH
9.18945,45.36755,T-RED RH
9.18950,45.36703,T-RED RH
9.18963,45.50903,PHOTORED T-RED
9.19060,45.57038,PHOTORED
9.19365,45.55289,PHOTORED
9.19413,45.55299,PHOTORED
9.19445,45.49545,PHOTORED
9.19613,45.49502,PHOTORED RH
9.19784,45.79079,T-RED RH
9.19803,45.46243,PHOTORED
9.20070,45.50663,PHOTORED
9.20151,45.79632,PHOTORED RH
9.20294,45.35941,ROSSOSTOP@50
9.20453,45.03922,PHOTORED
9.20507,45.80599,ROSSOSTOP@50
9.20735,45.31003,ROSSOSTOP@70
9.20859,45.65008,PHOTORED
9.20926,45.67607,PHOTORED
9.21015,45.70256,PHOTORED
9.21175,45.16627,PHOTORED
9.21235,45.16598,ROSSOSTOP@50
9.21473,45.46763,PHOTORED
9.21508,45.74058,T-RED RH
9.21536,45.70682,PHOTORED
9.21828,44.35245,PHOTORED FTR
9.22111,45.69337,PHOTORED
9.22290,45.53576,PHOTORED
9.22322,45.75356,PHOTORED
9.22340,45.75393,PHOTORED RH
9.22450,45.53469,PHOTORED
9.22467,44.35083,PHOTORED
9.22532,45.53581,PHOTORED
9.22567,45.68937,PHOTORED
9.22646,45.59041,PHOTORED
9.22681,45.59046,PHOTORED
9.22792,44.34598,PHOTORED
9.22852,44.34885,PHOTORED
9.22910,45.82077,PHOTORED
9.23009,45.54223,PHOTORED
9.23429,45.17311,T-RED
9.23447,45.23523,ROSSOSTOP@50
9.23532,45.74649,ROSSOSTOP@50
9.23673,45.71614,ROSSOSTOP@50
9.23804,45.53810,PHOTORED
9.23947,45.78911,ROSSOSTOP@50
9.23990,45.75572,VISTARED@50
9.24376,45.78032,ROSSOSTOP@50
9.24684,45.78785,PHOTORED
9.24873,44.40309,PHOTORED@50
9.25084,45.57262,PHOTORED
9.25122,45.21360,PHOTORED@50
9.25637,45.78916,PHOTORED
9.25886,45.57491,PHOTORED
9.26007,45.64795,PHOTORED
9.26312,45.68952,PHOTORED
9.26453,45.56301,ROSSOSTOP@50
9.26637,45.41174,PHOTORED@50
9.26929,45.59263,PHOTORED
9.26984,45.42876,PHOTORED@70
9.27172,45.59308,PHOTORED
9.27258,45.59108,PHOTORED
9.27601,45.71979,ROSSOSTOP@50
9.27755,45.67280,ROSSOSTOP@70
9.27810,45.46432,ROSSOSTOP@50
9.28076,45.46512,ROSSOSTOP@50
9.28219,45.54004,ROSSOSTOP@50
9.28223,45.39652,PHOTORED
9.28235,45.42212,PHOTORED@70
9.28433,45.51165,ROSSOSTOP@50
9.28661,45.56476,ROSSOSTOP
9.28678,45.81361,PHOTORED RH
9.28781,45.39487,PHOTORED
9.28910,45.66220,ROSSOSTOP@70
9.29206,45.07895,VISTARED@50
9.29555,45.43649,PHOTORED
9.29757,45.87665,PHOTORED
9.29800,45.55141,PHOTORED FTR RH
9.29813,45.60146,ROSSOSTOP@50
9.29825,45.54886,PHOTORED FTR RH
9.29888,45.54677,PHOTORED FTR RH
9.29978,45.54254,PHOTORED FTR RH
9.30224,46.04256,PHOTORED
9.30375,45.54248,PHOTORED FTR RH
9.30391,45.66235,ROSSOSTOP@50
9.30578,45.65371,ROSSOSTOP@50
9.31356,45.57152,ROSSOSTOP@50
9.31402,45.15970,PHOTORED
9.31519,45.65062,ROSSOSTOP@50
9.31889,45.15896,ROSSOSTOP@50
9.31908,45.78127,PHOTORED
9.31976,45.62304,TRAFFIPAX
9.32556,44.31417,PHOTORED
9.33651,45.36641,PHOTORED@50
9.33850,45.51201,V-RED RH@50
9.34027,45.40009,ROSSOSTOP@50
9.35207,44.32984,PHOTORED FTR RH
9.35733,45.66095,ROSSOSTOP@50
9.35868,45.65633,ROSSOSTOP@50
9.36027,45.51847,PHOTORED
9.36385,45.51910,ROSSOSTOP@50
9.36997,45.73718,T-RED@50
9.37090,46.29697,ROSSOSTOP@50
9.37348,46.29884,ROSSOSTOP@50
9.38194,45.46942,ROSSOSTOP@50
9.38240,45.46733,ROSSOSTOP@50
9.39245,44.27913,PHOTORED@50
9.39299,45.72352,T-RED@30
9.39500,45.72135,T-RED@30
9.39629,45.25773,PHOTORED
9.39696,46.26968,ROSSOSTOP@50
9.39827,45.25437,PHOTORED
9.40086,45.66736,PHOTORED
9.40092,45.72845,PHOTORED
9.40186,45.64243,ROSSOSTOP@50
9.40557,45.66629,PHOTORED@50
9.40848,45.66561,PHOTORED@50
9.40934,45.65259,T-RED@50
9.40998,45.65317,PHOTORED
9.41259,44.27404,PHOTORED
9.41350,45.79112,ROSSOSTOP@50
9.41820,45.49703,PHOTORED
9.42117,45.57213,PHOTORED
9.42330,45.61692,PHOTORED
9.42416,45.63818,ROSSOSTOP@50
9.42926,45.66301,ROSSOSTOP@30
9.43202,45.41610,PHOTORED
9.43441,45.63741,ROSSOSTOP@50
9.43780,45.63554,ROSSOSTOP@50
9.43955,45.59877,ROSSOSTOP@50
9.44241,45.47746,PHOTORED@50
9.44349,45.54416,PHOTORED
9.44562,45.72063,ROSSOSTOP@50
9.44672,45.67586,ROSSOSTOP@50
9.44711,45.01431,PHOTORED
9.45071,45.20958,PHOTORED
9.45124,45.68156,ROSSOSTOP@50
9.45168,45.51615,ROSSOSTOP@50
9.45395,45.68354,PHOTORED
9.46237,45.64991,PHOTORED
9.46452,45.64602,PHOTORED
9.46608,45.11974,ROSSOSTOP@50
9.46741,45.57164,PHOTORED
9.46933,45.12354,ROSSOSTOP@50
9.47282,45.11795,ROSSOSTOP@50
9.47896,45.53758,PHOTORED
9.48145,45.18696,T-RED
9.48226,45.68711,PHOTORED
9.49425,45.18206,T-RED
9.49713,45.35859,ROSSOSTOP@50
9.49718,45.19304,PHOTORED
9.50703,46.15074,PHOTORED
9.51314,45.52462,PHOTORED
9.51667,45.68996,ROSSOSTOP@50
9.51676,45.52608,PHOTORED RH
9.52305,45.58113,PHOTORED
9.52536,45.40009,ROSSOSTOP@50
9.52583,45.58109,PHOTORED
9.52648,46.14686,ROSSOSTOP@50
9.52976,45.58071,V-RED@50
9.53097,45.40119,ROSSOSTOP@50
9.53663,45.69498,ROSSOSTOP@50
9.53712,45.57216,T-RED@50
9.54065,45.69108,ROSSOSTOP@50
9.54578,45.57778,ROSSOSTOP@50
9.54773,45.19334,ROSSOSTOP@50
9.54798,45.71340,ROSSOSTOP@50
9.54853,45.69397,ROSSOSTOP@50
9.54990,45.19106,ROSSOSTOP@50
9.55422,45.66611,PHOTORED
9.56308,45.69115,ROSSOSTOP@50
9.56711,45.49151,PHOTORED
9.56741,45.69181,PHOTORED
9.56897,45.01151,ROSSOSTOP@50
9.57225,46.13525,PHOTORED
9.57631,45.59612,ROSSOSTOP@50
9.57655,45.17009,PHOTORED
9.58016,45.60273,PHOTORED
9.58222,45.60493,ROSSOSTOP@50
9.58271,45.73329,ROSSOSTOP@50
9.58381,46.14626,PHOTORED
9.58414,45.72252,PHOTORED
9.59259,46.14525,PHOTORED
9.59302,45.68853,ROSSOSTOP@50
9.59335,45.70006,PHOTORED@50
9.59879,45.49745,ROSSOSTOP@50
9.59920,45.49839,ROSSOSTOP
9.60064,45.74359,PHOTORED ROSSOSTOP@50
9.60618,45.68677,ROSSOSTOP@50
9.60626,45.69304,PHOTORED@50
9.60704,45.69308,PHOTORED@50
9.61250,45.64114,VISTARED
9.61430,45.64335,PHOTORED
9.61436,45.73646,ROSSOSTOP@50
9.61750,45.20150,PHOTORED RH@50
9.63016,45.78657,ROSSOSTOP@50
9.64198,45.73204,PHOTORED@50
9.64638,45.68915,ROSSOSTOP
9.64698,45.65003,PHOTORED
9.65051,46.16947,PHOTORED@50
9.65055,45.73079,PHOTORED
9.65205,45.64862,ROSSOSTOP@50
9.65453,45.65264,PHOTORED
9.66152,45.61709,ROSSOSTOP@50
9.66367,45.65587,ROSSOSTOP
9.66672,45.79303,PHOTORED
9.66789,44.91085,ROSSOSTOP
9.66848,45.71309,PHOTORED RH@50
9.66908,44.91523,ROSSOSTOP
9.66917,45.39778,ROSSOSTOP
9.67479,45.70827,PHOTORED
9.67621,45.58554,ROSSOSTOP@50
9.68078,46.16696,ROSSOSTOP@50
9.68732,44.98608,ROSSOSTOP@50
9.69079,45.47367,ROSSOSTOP@50
9.69468,44.95730,ROSSOSTOP
9.69709,45.37707,ROSSOSTOP@50
9.70330,46.17272,ROSSOSTOP@50
9.70524,45.53399,ROSSOSTOP@50
9.70580,45.68255,ROSSOSTOP@50
9.70605,46.17370,ROSSOSTOP@50
9.70665,45.71636,PHOTORED@50
9.71069,45.71895,PHOTORED@50
9.71103,45.68122,ROSSOSTOP@50
9.71347,45.69094,PHOTORED
9.71652,45.69588,PHOTORED
9.71759,45.68493,PHOTORED
9.72168,45.34667,PHOTORED
9.72505,45.70572,VISTARED@50
9.72864,45.68136,ROSSOSTOP@50
9.73053,45.70754,ROSSOSTOP@50
9.73429,45.70703,ROSSOSTOP@50
9.73659,45.73786,PHOTORED
9.73840,45.69828,VISTARED
9.74495,45.70789,ROSSOSTOP@60
9.74720,45.37679,PHOTORED
9.74728,46.15133,PHOTORED
9.74758,45.65053,ROSSOSTOP@50
9.74815,46.15110,PHOTORED
9.75225,45.58921,PHOTORED@50
9.75341,46.14952,PHOTORED
9.75547,45.70729,ROSSOSTOP@60
9.75928,45.72900,ROSSOSTOP@50
9.76385,46.15035,PHOTORED
9.76707,45.74724,PHOTORED
9.76850,45.71865,ROSSOSTOP@50
9.76964,46.15003,PHOTORED
9.78625,45.53963,ROSSOSTOP@50
9.78997,45.54082,ROSSOSTOP@50
9.79763,45.75839,PHOTORED
9.79773,45.04393,ROSSOSTOP@50
9.81657,45.24694,ROSSOSTOP@50
9.81973,45.71022,PHOTORED
9.82165,45.66926,ROSSOSTOP@50
9.82469,45.67744,PHOTORED
9.82856,45.70727,ROSSOSTOP@50
9.83119,44.97435,PHOTORED
9.83682,46.15758,ROSSOSTOP@50
9.84197,45.79758,ROSSOSTOP@50
9.84731,45.29114,ROSSOSTOP@50
9.85149,45.77796,ROSSOSTOP@50
9.85237,45.51067,PHOTORED
9.85312,46.23646,ROSSOSTOP@50
9.85693,45.57047,PHOTORED
9.85722,46.15859,PHOTORED
9.85763,45.68642,ROSSOSTOP@50
9.85860,45.37239,ROSSOSTOP@50
9.85879,45.37099,ROSSOSTOP@50
9.86197,45.64249,ROSSOSTOP@50
9.86641,46.16793,PHOTORED
9.86893,46.16746,PHOTORED
9.87203,44.85309,PHOTORED
9.87258,46.16806,PHOTORED
9.87319,45.51611,PHOTORED
9.87633,45.00693,ROSSOSTOP@50
9.87695,45.44976,ROSSOSTOP@50
9.87742,45.44612,ROSSOSTOP@50
9.87788,45.24357,ROSSOSTOP@50
9.88558,45.80243,ROSSOSTOP@50
9.88955,45.16587,ROSSOSTOP
9.88964,45.60055,PHOTORED
9.89138,45.16601,ROSSOSTOP
9.89764,44.86600,PHOTORED
9.89797,44.08653,VISTARED@50
9.90095,45.66458,ROSSOSTOP@50
9.90400,45.66484,ROSSOSTOP@50
9.91209,46.16289,ROSSOSTOP@60
9.91796,46.16080,ROSSOSTOP@60
9.92302,45.61598,PHOTORED
9.92504,45.39711,PHOTORED@50
9.92682,45.96256,ROSSOSTOP
9.93002,46.16159,ROSSOSTOP@60
9.93443,45.88555,ROSSOSTOP@60
9.93631,45.57840,ROSSOSTOP@50
9.93900,45.89535,ROSSOSTOP
9.95073,44.29533,PHOTORED
9.95255,44.99667,ROSSOSTOP
9.95538,45.15060,ROSSOSTOP
9.95586,44.11016,PHOTORED
9.95701,45.65496,PHOTORED@50
9.96211,44.11086,PHOTORED
9.96777,45.56749,PHOTORED
9.97165,45.66064,ROSSOSTOP@50
9.97305,45.89194,ROSSOSTOP@60
9.97469,44.87417,PHOTORED ROSSOSTOP@50
9.97941,45.55593,PHOTORED
9.98446,45.51246,PHOTORED
9.98502,45.27261,PHOTORED
9.98942,45.03405,ROSSOSTOP
9.99099,44.05300,PHOTORED
9.99437,45.85837,ROSSOSTOP
10.00829,44.08268,PHOTORED@50
10.01011,45.14713,PHOTORED
10.01286,44.07707,PHOTORED
10.01703,44.04776,PHOTORED@50
10.01994,45.83611,ROSSOSTOP@50
10.02128,44.07228,T-RED
10.02147,45.83512,ROSSOSTOP@50
10.02161,45.90119,PHOTORED
10.02454,45.81900,ROSSOSTOP@50
10.03150,44.06619,PHOTORED
10.03164,44.06610,PHOTORED
10.04138,45.81180,PHOTORED
10.04224,44.06087,PHOTORED
10.04497,45.81052,ROSSOSTOP@50
10.04662,44.05925,T-RED@50
10.04839,45.81575,ROSSOSTOP
10.05114,44.97567,PHOTORED
10.05121,45.15042,ROSSOSTOP
10.05166,45.70150,ROSSOSTOP@50
10.05352,45.45138,ROSSOSTOP@50
10.05359,45.45340,ROSSOSTOP@50
10.05458,45.69590,ROSSOSTOP@50
10.06221,44.86755,PHOTORED@50
10.07505,45.61476,PHOTORED
10.07600,45.16698,ROSSOSTOP
10.08086,45.41840,PHOTORED
10.08860,45.07447,ROSSOSTOP
10.08860,45.07495,ROSSOSTOP
10.09395,45.27375,PHOTORED
10.09923,45.60288,PHOTORED
10.09997,45.59705,PHOTORED
10.10449,45.18510,ROSSOSTOP
10.11120,45.80831,ROSSOSTOP
10.11199,45.55685,PHOTORED
10.11219,45.80971,ROSSOSTOP
10.11476,45.56187,ROSSOSTOP
10.11553,45.13372,ROSSOSTOP
10.12576,45.08777,PHOTORED
10.12589,45.59656,ROSSOSTOP@50
10.13042,45.83141,ROSSOSTOP@50
10.13442,45.19911,PHOTORED
10.13904,43.98145,PHOTORED
10.14094,43.98264,PHOTORED
10.14948,46.15347,ROSSOSTOP@50
10.15283,46.15409,ROSSOSTOP@50
10.15423,45.58148,PHOTORED
10.15589,45.11204,ROSSOSTOP
10.15768,44.00129,PHOTORED
10.15874,46.15530,PHOTORED
10.15977,45.11111,ROSSOSTOP
10.16302,46.21043,ROSSOSTOP@50
10.16728,46.21657,PHOTORED
10.16745,43.95805,PHOTORED
10.16992,44.88361,T-RED@50
10.17107,45.88935,ROSSOSTOP@50
10.17447,43.95161,PHOTORED
10.17539,46.21398,ROSSOSTOP@50
10.17541,44.85621,T-RED@50
10.17571,44.85590,T-RED@50
10.17804,45.54658,PHOTORED
10.17886,45.53203,PHOTORED
10.18288,45.04398,PHOTORED
10.18350,45.42556,PHOTORED
10.18610,45.69154,ROSSOSTOP@50
10.18994,43.97539,PHOTORED
10.19018,43.93685,VISTARED@50
10.19276,45.42008,PHOTORED FTR
10.20117,45.64881,PHOTORED
10.20148,45.62436,PHOTORED
10.20359,45.90737,ROSSOSTOP
10.20577,43.91956,PHOTORED
10.20808,45.56092,PHOTORED
10.20913,45.52649,PHOTORED
10.20928,43.96988,PHOTORED
10.21115,45.30034,PHOTORED
10.21128,45.53957,PHOTORED
10.21240,45.54295,PHOTORED
10.21333,44.96985,PHOTORED
10.21375,45.53442,TRAFFIPHOT
10.21530,45.51502,TRAFFIPHOT
10.21538,43.90713,PHOTORED FTR
10.21742,45.49144,PHOTORED
10.21902,43.90222,PHOTORED
10.22039,45.54628,PHOTORED
10.22053,43.95331,PHOTORED@50
10.22078,43.96171,ROSSOSTOP@50
10.22128,45.54812,PHOTORED
10.22232,44.79290,PHOTORED@50
10.22286,45.59941,PHOTORED
10.22762,43.90166,PHOTORED
10.22791,44.92490,PHOTORED
10.22885,45.55225,PHOTORED
10.23077,45.53078,PHOTORED
10.23081,45.54349,PHOTORED
10.23210,45.53626,PHOTORED
10.23274,45.55500,PHOTORED
10.23519,45.57881,PHOTORED
10.23791,45.56767,PHOTORED
10.25711,44.89784,PHOTORED
10.27430,45.95057,ROSSOSTOP@50
10.29368,44.80849,PHOTORED
10.30053,46.31338,ROSSOSTOP@50
10.31344,45.51168,PHOTORED
10.31663,44.79392,PHOTORED
10.31735,46.48593,ROSSOSTOP@50
10.31967,46.48562,PHOTORED
10.32122,43.54013,EnVES EVO
10.32221,45.30922,PHOTORED
10.34135,43.76511,VISTARED@50
10.34594,46.03181,ROSSOSTOP@50
10.34651,46.08279,ROSSOSTOP@50
10.34906,46.07637,ROSSOSTOP@50
10.34967,46.05398,ROSSOSTOP@50
10.35460,45.23026,PHOTORED
10.35929,46.22137,ROSSOSTOP@50
10.36323,45.50414,PHOTORED
10.36467,43.78672,ROSSOSTOP
10.36671,45.20054,PHOTORED
10.36755,45.19850,PHOTORED
10.36938,43.78522,T-RED
10.37030,45.00888,ROSSOSTOP
10.37147,43.74418,VISTARED@50
10.37354,45.53009,PHOTORED
10.37480,46.46572,ROSSOSTOP@50
10.37839,46.46657,ROSSOSTOP@50
10.38298,45.00754,ROSSOSTOP
10.38755,45.54282,PHOTORED
10.39211,43.78014,PHOTORED
10.39554,45.00561,ROSSOSTOP
10.39697,45.49904,PHOTORED
10.40285,45.00392,ROSSOSTOP
10.40379,45.55236,PHOTORED
10.41072,45.47522,PHOTORED
10.41292,43.77684,PHOTORED
10.41620,45.51162,PHOTORED
10.41697,45.30660,PHOTORED
10.41701,46.46139,ROSSOSTOP@50
10.42005,45.22082,PHOTORED
10.42247,44.98440,PHOTORED
10.42731,45.36713,PHOTORED
10.43129,45.35736,PHOTORED
10.43709,43.73004,PHOTORED@50
10.44165,43.75947,VISTARED@50
10.44192,44.97565,ROSSOSTOP@50
10.44210,43.75991,ROSSOSTOP@50
10.44261,45.58680,PHOTORED
10.44621,44.84070,ROSSOSTOP@50
10.44731,44.84348,PHOTORED
10.44766,44.75997,VISTARED@50
10.45375,45.60146,PHOTORED
10.45416,45.60173,PHOTORED
10.45598,44.97322,ROSSOSTOP@50
10.46166,43.72515,PHOTORED
10.46222,44.41083,ROSSOSTOP
10.46275,44.84670,PHOTORED
10.47636,44.96190,ROSSOSTOP@50
10.47824,45.46591,ROSSOSTOP
10.48751,45.06709,PHOTORED
10.48971,44.93892,PHOTORED
10.49351,44.99582,PHOTORED
10.49373,45.38775,PHOTORED
10.49412,43.72455,PHOTORED
10.49957,45.64603,PHOTORED@50
10.50852,45.59159,PHOTORED
10.51492,44.90285,PHOTORED
10.52530,42.92896,PHOTORED
10.52570,42.92687,PHOTORED
10.54343,45.03670,PHOTORED
10.55255,44.90492,PHOTORED
10.55468,43.89270,PHOTORED
10.55866,45.61800,PHOTORED
10.56911,43.60342,PHOTORED
10.56922,43.87821,PHOTORED@50
10.57703,43.67321,PHOTORED
10.58185,45.31848,PHOTORED
10.58286,43.67038,PHOTORED@50
10.58832,43.65075,ROSSOSTOP@50
10.60131,45.01356,ROSSOSTOP@50
10.60837,43.68613,PHOTORED@70
10.61824,44.69787,VISTARED@50
10.61837,44.70292,PHOTORED
10.62122,43.83665,PHOTORED
10.62332,44.69888,VISTARED@50
10.62500,45.01707,ROSSOSTOP@50
10.62800,43.64271,PHOTORED
10.63187,44.95232,PHOTORED
10.63242,45.01911,ROSSOSTOP@50
10.63531,45.45800,ROSSOSTOP@50
10.64082,44.69474,VISTARED@50
10.64106,44.69503,VISTARED@50
10.65040,44.55894,ROSSOSTOP@50
10.66437,45.69055,PHOTORED
10.66886,45.44692,PHOTORED@50
10.67084,45.42821,ROSSOSTOP@50
10.67211,45.25453,PHOTORED
10.67275,43.81569,PHOTORED@50
10.67308,43.81575,PHOTORED@50
10.67397,45.25430,PHOTORED
10.67447,43.58666,PHOTORED
10.67539,44.60300,ROSSOSTOP@50
10.68439,44.91413,ROSSOSTOP@50
10.68601,45.41330,ROSSOSTOP@50
10.68808,43.87946,PHOTORED
10.68881,43.89720,TRAFFIPHOT
10.68894,43.90043,PHOTORED
10.69274,43.55948,PHOTORED@50
10.69295,43.89749,PHOTORED
10.71238,46.06397,ROSSOSTOP@50
10.71245,46.06145,ROSSOSTOP@50
10.72010,45.40762,ROSSOSTOP@40
10.72491,46.03049,ROSSOSTOP@50
10.72826,46.03444,ROSSOSTOP@50
10.73482,45.53010,PHOTORED
10.73607,45.08369,ROSSOSTOP@50
10.73698,45.13375,PHOTORED
10.74307,44.71485,ROSSOSTOP@50
10.75036,45.15486,T-RED
10.75403,45.21731,PHOTORED RH REDSPEED@50
10.75631,45.14793,T-RED
10.76268,45.14478,PHOTORED
10.76459,43.88551,PHOTORED
10.76646,46.04259,ROSSOSTOP@50
10.76868,45.14168,T-RED@50
10.77710,43.89125,PHOTORED
10.77846,45.55494,PHOTORED
10.77896,44.76748,ROSSOSTOP@50
10.78386,45.15853,PHOTORED
10.78566,45.11942,PHOTORED
10.78988,45.18920,PHOTORED
10.78999,45.18969,PHOTORED
10.79306,45.14749,ROSSOSTOP@50
10.79331,43.68632,PHOTORED FTR
10.79343,45.20431,ROSSOSTOP@50
10.79679,43.87802,PHOTORED
10.80806,44.54327,PHOTORED
10.81047,43.87168,PHOTORED
10.81231,43.86624,PHOTORED
10.81416,43.72590,PHOTORED@50
10.81872,43.72857,PHOTORED@50
10.81993,43.86056,PHOTORED
10.83586,43.69447,PHOTORED FTR RH
10.83621,45.17966,PHOTORED
10.83932,45.16683,T-RED
10.84983,45.09654,PHOTORED
10.85073,45.46230,ROSSOSTOP@50
10.86229,43.77765,PHOTORED
10.86782,46.03614,ROSSOSTOP@50
10.86945,44.77352,PHOTORED
10.87342,44.79315,PHOTORED
10.87344,44.79292,PHOTORED FTR RH
10.87348,44.79277,PHOTORED FTR RH
10.88233,44.65671,PHOTORED
10.88356,44.76898,PHOTORED@50
10.89547,45.17913,PHOTORED
10.89747,44.89108,PHOTORED
10.89810,44.63525,PHOTORED
10.89992,43.92686,PHOTORED
10.89994,44.65728,PHOTORED
10.90045,43.93148,PHOTORED
10.90073,43.94356,PHOTORED
10.90098,44.65671,PHOTORED
10.90298,44.63447,PHOTORED
10.90314,44.63444,PHOTORED
10.90324,45.48041,ROSSOSTOP@50
10.90325,45.48841,ROSSOSTOP@40
10.90614,44.64517,PHOTORED
10.90625,44.64510,PHOTORED
10.90988,44.57940,PHOTORED
10.91007,44.65791,PHOTORED
10.91016,45.48853,ROSSOSTOP@40
10.91249,43.93789,PHOTORED
10.91361,45.39639,PHOTORED
10.91499,44.65467,PHOTORED
10.91653,43.93815,T-RED
10.91999,44.64880,PHOTORED
10.92261,44.66761,PHOTORED
10.92355,43.93242,T-RED@50
10.92767,44.62204,PHOTORED F17D
10.93067,45.05584,PHOTORED
10.93198,44.64396,PHOTORED
10.93408,44.63593,PHOTORED
10.93410,43.65947,VISTARED
10.93566,43.65866,VISTARED
10.93575,43.71997,PHOTORED@50
10.94059,43.71807,PHOTORED@50
10.94078,43.65639,VISTARED
10.94159,44.63052,T-RED RH@50
10.94398,43.65380,VISTARED
10.94768,43.71675,PHOTORED@50
10.94783,43.71364,PHOTORED@50
10.94896,43.71625,PHOTORED@50
10.94904,43.71788,PHOTORED@50
10.94909,44.50302,PHOTORED@50
10.95016,43.71792,PHOTORED
10.95389,43.72196,PHOTORED@50
10.95431,43.72030,PHOTORED@50
10.95478,43.71819,PHOTORED@50
10.95511,44.53068,PHOTORED
10.95645,44.54217,PHOTORED
10.95756,43.72229,PHOTORED
10.96199,43.59980,PHOTORED
10.96638,45.41197,T-RED@50
10.96886,44.45591,PHOTORED@50
10.97104,44.63075,PHOTORED@50
10.97556,43.60351,PHOTORED
10.97745,45.44832,T-RED@50
10.98033,44.18014,VISTARED@50
10.98134,43.85329,PHOTORED
10.99055,43.86698,PHOTORED
10.99307,43.87024,PHOTORED
10.99335,43.87072,PHOTORED
10.99452,45.43060,T-RED@50
11.00162,43.79541,ROSSOSTOP@50
11.00214,44.45780,ROSSOSTOP@50
11.00983,44.63027,ROSSOSTOP@50
11.01056,44.46945,PHOTORED
11.01202,44.46790,PHOTORED@50
11.01554,45.44041,T-RED@50
11.01660,43.93482,PHOTORED
11.02054,44.53195,PHOTORED@50
11.02340,44.78757,PHOTORED
11.02508,44.65672,PHOTORED FTR RH
11.02835,45.43700,T-RED@50
11.03046,45.86639,ROSSOSTOP@50
11.03330,45.43598,ROSSOSTOP
11.03413,44.47911,PHOTORED
11.03453,44.56117,PHOTORED
11.04034,44.57480,ROSSOSTOP@50
11.04308,44.48984,PHOTORED@50
11.04570,44.49279,PHOTORED
11.04684,43.82300,VISTARED@50
11.04804,46.27587,ROSSOSTOP@50
11.04942,44.61550,ROSSOSTOP@50
11.04998,44.60292,PHOTORED FTR RH
11.05123,44.59365,PHOTORED
11.05450,45.35319,PHOTORED@50
11.06247,45.84061,PHOTORED
11.06278,44.54306,ROSSOSTOP
11.06280,44.63832,ROSSOSTOP@50
11.06620,44.44031,ROSSOSTOP@50
11.07296,44.50583,VISTARED RH
11.07363,44.50616,VISTARED RH
11.08089,43.77818,PHOTORED
11.08212,43.81083,PHOTORED
11.08376,43.77702,PHOTORED
11.08456,44.61017,ROSSOSTOP
11.09051,44.61962,ROSSOSTOP
11.09068,43.87325,PHOTORED
11.09349,45.24250,VISTARED
11.09472,43.87403,PHOTORED
11.09620,43.77134,PHOTORED
11.09681,43.78579,PHOTORED
11.09836,43.87052,PHOTORED
11.10294,43.87566,PHOTORED
11.10397,44.72252,ROSSOSTOP@50
11.10476,45.25131,VISTARED
11.10519,44.55223,ROSSOSTOP@50
11.10544,46.17208,ROSSOSTOP@50
11.10590,43.76967,T-RED PHOTORED@50
11.10606,46.11857,PHOTORED
11.10766,46.12566,PHOTORED
11.10988,43.80200,PHOTORED
11.11023,44.28051,PHOTORED
11.11026,44.28115,PHOTORED
11.11046,46.10315,PHOTORED
11.11093,44.28317,PHOTORED
11.11127,46.10075,PHOTORED
11.11148,44.28346,PHOTORED
11.11314,44.65671,PHOTORED
11.11507,44.71892,ROSSOSTOP@50
11.11520,46.09182,PHOTORED
11.11530,46.09182,PHOTORED
11.11730,46.08824,PHOTORED
11.11919,46.08496,PHOTORED
11.11965,46.08425,PHOTORED
11.12133,46.08789,PHOTORED
11.12240,46.07936,PHOTORED
11.12307,46.07645,PHOTORED
11.12362,46.07718,PHOTORED
11.12377,44.75407,ROSSOSTOP@50
11.12709,44.65512,ROSSOSTOP
11.12783,46.06441,PHOTORED
11.12806,44.51249,VISTARED RH
11.12952,43.42048,PHOTORED
11.13531,46.03398,ROSSOSTOP@50
11.13634,46.06908,ROSSOSTOP@50
11.13907,44.78815,PHOTORED
11.14560,43.81743,PHOTORED
11.14846,46.66387,ROSSOSTOP@50
11.14849,44.71978,PHOTORED
11.16460,44.41085,PHOTORED
11.17926,46.24844,ROSSOSTOP@50
11.18012,43.80960,T-RED@50
11.18150,46.66882,PHOTORED
11.18485,46.60959,ROSSOSTOP RH PHOTORED@50
11.18535,44.63345,PHOTORED
11.18724,44.63622,PHOTORED
11.18849,44.33279,ROSSOSTOP@50
11.19979,44.45743,PHOTORED
11.21734,45.99460,ROSSOSTOP@50
11.21831,46.14197,ROSSOSTOP@50
11.22161,42.44241,PHOTORED
11.22232,43.79733,VISTARED RH
11.22290,43.79727,VISTARED RH
11.22325,44.79115,ROSSOSTOP@50
11.22338,46.00123,ROSSOSTOP@50
11.22916,44.53350,VISTARED RH
11.23175,46.06831,PHOTORED
11.23184,46.06086,ROSSOSTOP@50
11.23383,46.03893,PHOTORED@50
11.23393,46.06872,ROSSOSTOP@50
11.23551,46.04001,PHOTORED@50
11.24806,44.39877,PHOTORED VISTARED
11.25411,45.16608,PHOTORED
11.25676,43.78370,PHOTORED@50
11.26035,45.99374,ROSSOSTOP@50
11.26320,43.78260,VISTARED RH@50
11.26695,45.99664,ROSSOSTOP@50
11.26698,44.47944,VISTARED RH
11.26760,44.47961,VISTARED RH
11.26985,44.46681,PHOTORED FTR RH
11.27086,44.51899,PHOTORED FTR RH
11.27091,43.76582,PHOTORED
11.27100,44.45412,VISTARED
11.27162,44.44489,PHOTORED
11.27248,44.47402,PHOTORED VISTARED
11.27262,44.47176,PHOTORED
11.27523,46.07997,ROSSOSTOP@50
11.27725,43.76672,VISTARED RH
11.27731,44.48879,VISTARED RH
11.27745,44.48712,VISTARED RH
11.27752,44.47821,VISTARED@50
11.27788,44.47813,VISTARED@50
11.27795,45.18555,PHOTORED
11.27878,44.94656,ROSSOSTOP@50
11.28015,46.31961,ROSSOSTOP@50
11.28189,43.76581,VISTARED RH
11.28296,44.82924,ROSSOSTOP@50
11.28851,44.72326,TRAFFIPHOT III-SR
11.29161,44.50465,PHOTORED FTR RH
11.29179,44.73087,TRAFFIPHOT III-G
11.29275,44.48647,VISTARED RH
11.29368,43.81767,T-RED@50
11.29442,43.81847,T-RED@50
11.30250,46.00872,ROSSOSTOP@50
11.30465,44.56982,ROSSOSTOP@50
11.30536,46.00843,PHOTORED@50
11.30868,43.76507,VISTARED RH
11.30933,44.50559,PHOTORED
11.30957,44.59291,PHOTORED FTR RH
11.30962,44.49885,PHOTORED
11.31704,46.48951,PHOTORED
11.32168,44.50119,PHOTORED FTR RH
11.32213,45.61951,ROSSOSTOP
11.32324,43.32461,T-RED@50
11.32513,46.49471,PHOTORED
11.32630,45.37994,ROSSOSTOP@50
11.32752,44.49695,FTR RH
11.33702,46.48621,PHOTORED@50
11.33860,45.60916,ROSSOSTOP@50
11.33955,44.48643,PHOTORED
11.34016,43.76985,PHOTORED
11.34017,46.50161,PHOTORED
11.34022,46.49498,PHOTORED
11.34226,46.48253,PHOTORED@40
11.34334,46.49468,PHOTORED
11.34542,45.72134,ROSSOSTOP
11.34775,44.51586,PHOTORED
11.34811,44.64231,PHOTORED
11.35088,46.49521,PHOTORED@40
11.35413,46.49510,PHOTORED
11.35447,45.72248,ROSSOSTOP
11.35547,44.50773,PHOTORED
11.35719,45.80485,ROSSOSTOP
11.35783,44.48739,PHOTORED FTR RH
11.35867,44.48305,PHOTORED FTR RH
11.35889,44.53968,PHOTORED
11.36080,45.71214,ROSSOSTOP@50
11.36103,43.78433,PHOTORED
11.36160,45.71171,ROSSOSTOP@50
11.36171,45.71709,T-RED
11.36182,44.57735,VISTARED RH
11.36213,44.50545,PHOTORED
11.36218,44.50246,PHOTORED FTR RH
11.36335,44.54817,PHOTORED FTR RH
11.36396,44.50337,PHOTORED FTR RH
11.36556,44.48546,PHOTORED FTR RH
11.36596,44.49254,T-RED@50
11.36674,45.71649,ROSSOSTOP
11.36717,44.48271,PHOTORED FTR RH
11.36849,45.71469,ROSSOSTOP
11.36857,44.47800,PHOTORED FTR RH
11.36878,44.59258,PHOTORED FTR RH
11.36909,44.48561,PHOTORED FTR RH
11.37015,44.45946,PHOTORED
11.37028,45.69342,ROSSOSTOP
11.37166,45.69561,ROSSOSTOP
11.37290,46.49858,T-RED@50
11.37328,44.49978,PHOTORED FTR RH
11.37528,45.71331,PHOTORED
11.37820,44.64756,PHOTORED
11.38190,44.60955,PHOTORED
11.38240,44.48062,PHOTORED FTR RH
11.39034,44.92634,PHOTORED
11.39096,44.56897,PHOTORED
11.39172,44.92217,ROSSOSTOP@50
11.39202,45.13892,ROSSOSTOP@50
11.39413,45.66790,ROSSOSTOP@50
11.39434,45.13698,ROSSOSTOP@50
11.39500,44.62724,ROSSOSTOP@50
11.40122,44.70151,PHOTORED
11.40174,44.49490,PHOTORED FTR RH
11.40207,44.47304,PHOTORED FTR RH
11.40329,44.46259,PHOTORED
11.40535,45.72096,T-RED RH@50
11.40664,44.63856,ROSSOSTOP@50
11.41118,44.47188,T-RED@50
11.41192,44.88809,VISTARED RH
11.41394,44.46852,PHOTORED FTR RH
11.42164,44.87960,VISTARED RH
11.42295,44.49825,PHOTORED FTR RH
11.42349,44.49821,PHOTORED FTR RH
11.42419,44.53126,PHOTORED
11.43519,44.50141,PHOTORED FTR RH
11.43590,45.76278,PHOTORED
11.43955,43.77465,PHOTORED
11.44081,44.51090,PHOTORED
11.44252,44.73795,PHOTORED
11.45240,45.51242,PHOTORED
11.45324,46.28952,ROSSOSTOP@50
11.45454,46.29045,ROSSOSTOP@50
11.45769,45.51417,PHOTORED
11.46346,45.23176,PHOTORED
11.46387,44.51040,PHOTORED
11.46391,46.29035,ROSSOSTOP@50
11.46549,46.29053,ROSSOSTOP@50
11.46578,44.44890,PHOTORED RH
11.46688,45.61434,PHOTORED
11.46808,45.23477,PHOTORED
11.46865,44.44781,PHOTORED
11.46949,45.70109,ROSSOSTOP
11.47226,44.63916,VISTARED RH
11.47537,45.70251,ROSSOSTOP
11.47708,45.70016,T-RED@50
11.47737,44.44446,PHOTORED FTR RH
11.47816,44.44414,PHOTORED FTR RH
11.47969,45.57773,PHOTORED
11.47970,45.56656,ROSSOSTOP@50
11.48051,45.71381,ROSSOSTOP
11.48084,44.44313,PHOTORED FTR RH
11.48439,43.65731,PHOTORED@50
11.48912,45.09410,PHOTORED
11.49116,45.71241,ROSSOSTOP@50
11.49146,45.72176,ROSSOSTOP@50
11.49240,44.84604,PHOTORED
11.49308,44.84009,T-RED
11.49342,44.62817,PHOTORED
11.49578,45.59781,ROSSOSTOP@50
11.50349,46.28916,ROSSOSTOP@50
11.50355,45.58117,PHOTORED@50
11.50481,46.28871,ROSSOSTOP@50
11.50619,46.29779,ROSSOSTOP@50
11.50667,44.66452,ROSSOSTOP@50
11.50872,44.43263,PHOTORED
11.51058,45.76322,ROSSOSTOP
11.51496,45.56980,PHOTORED
11.52007,46.05744,ROSSOSTOP@50
11.52060,44.42809,PHOTORED FTR RH
11.52333,46.06598,PHOTORED@50
11.52398,46.06416,PHOTORED@50
11.52601,46.05487,ROSSOSTOP@50
11.52755,45.59978,PHOTORED
11.52805,44.54211,PHOTORED
11.53131,45.67592,ROSSOSTOP@50
11.53382,45.22716,PHOTORED
11.53901,45.73712,ROSSOSTOP@50
11.53923,45.56458,PHOTORED@50
11.54211,44.94263,VISTARED RH
11.54241,45.68065,ROSSOSTOP@50
11.54780,45.88996,PHOTORED
11.55160,45.73846,ROSSOSTOP@50
11.55350,45.29432,VISTARED
11.55869,46.08109,ROSSOSTOP@50
11.57113,45.63130,VISTARED
11.57131,45.63174,VISTARED
11.57341,43.23537,ROSSOSTOP@50
11.57480,45.60855,PHOTORED
11.57501,44.75457,ROSSOSTOP@50
11.57538,45.64250,T-RED
11.58240,44.40431,PHOTORED FTR RH
11.59177,44.40186,PHOTORED FTR RH
11.59816,44.39838,PHOTORED FTR RH
11.60471,44.87673,PHOTORED@50
11.60959,44.89380,T-RED@50
11.61100,45.22251,TRAFFIPAX
11.61281,44.89144,PHOTORED
11.62102,44.60987,ROSSOSTOP@50
11.62240,45.57795,ROSSOSTOP@50
11.62261,45.60557,PHOTORED
11.62345,44.61031,ROSSOSTOP@50
11.62388,45.57502,ROSSOSTOP@50
11.62872,45.64120,PHOTORED
11.63031,45.53329,ROSSOSTOP@50
11.63521,45.73456,PHOTORED
11.63580,44.38390,PHOTORED
11.63828,45.67935,PHOTORED
11.64039,44.38204,PHOTORED
11.64441,45.69966,ROSSOSTOP@50
11.64889,45.67960,PHOTORED
11.66118,45.85821,PHOTORED
11.66578,44.62011,Semaforo controllato
11.66955,45.61270,PHOTORED
11.67475,44.43288,ROSSOSTOP
11.67618,44.43065,ROSSOSTOP@50
11.67656,45.67643,PHOTORED
11.67957,45.50334,PHOTORED
11.68290,45.66460,ROSSOSTOP
11.68553,44.86285,PHOTORED
11.68647,45.24334,ROSSOSTOP@50
11.68761,44.36386,PHOTORED
11.68872,45.20219,PHOTORED
11.68920,45.24341,ROSSOSTOP@50
11.69056,45.45843,PHOTORED
11.69204,44.34485,PHOTORED FTR RH
11.69641,44.34721,PHOTORED FTR RH
11.70279,45.63216,ROSSOSTOP
11.70304,44.35414,PHOTORED FTR RH
11.70736,44.36171,PHOTORED FTR RH
11.70754,45.58119,PHOTORED
11.71134,45.70664,PHOTORED@50
11.71284,44.34583,PHOTORED FTR RH
11.71558,44.36420,PHOTORED FTR RH
11.71856,45.52207,PHOTORED
11.72196,43.78807,ROSSOSTOP
11.72445,44.35101,PHOTORED FTR RH
11.72714,44.34617,PHOTORED FTR RH
11.73262,45.71839,ROSSOSTOP
11.73373,44.37447,PHOTORED FTR RH
11.73541,45.58330,PHOTORED@50
11.73835,45.76838,PHOTORED
11.73860,45.40928,ROSSOSTOP@50
11.74360,43.27377,ROSSOSTOP@50
11.74523,45.23021,T-RED@50
11.74532,45.58692,ROSSOSTOP@50
11.74744,45.58734,ROSSOSTOP@50
11.75692,45.13460,PHOTORED
11.76281,45.72439,PHOTORED
11.76435,42.54509,PHOTORED@50
11.76808,42.54622,ROSSOSTOP@50
11.76929,45.69766,TRAFFIPHOT RH
11.77372,45.54101,PHOTORED
11.78376,45.28686,PHOTORED@50
11.78503,45.28869,ROSSOSTOP@50
11.78624,45.31533,ROSSOSTOP@50
11.79345,46.15044,PHOTORED@50
11.79439,45.58324,ROSSOSTOP@50
11.79785,44.32030,PHOTORED
11.79810,45.49493,PHOTORED
11.80135,44.31888,PHOTORED
11.80144,45.66937,ROSSOSTOP@50
11.80198,45.69708,PHOTORED@50
11.80222,43.47903,ROSSOSTOP
11.80300,45.32931,ROSSOSTOP@50
11.80569,42.08299,T-RED
11.80618,45.58799,PHOTORED
11.80769,45.70616,PHOTORED
11.80877,45.68141,ROSSOSTOP@50
11.80967,45.67871,ROSSOSTOP
11.81021,44.39526,PHOTORED
11.81085,46.15512,PHOTORED@50
11.81358,45.50983,PHOTORED@50
11.81400,45.01853,ROSSOSTOP@50
11.81613,45.65781,ROSSOSTOP@50
11.81807,45.55204,PHOTORED
11.82274,44.31119,ROSSOSTOP@50
11.82379,44.38696,PHOTORED@50
11.82601,45.41773,PHOTORED
11.82662,45.07944,ROSSOSTOP@50
11.82763,45.65024,PHOTORED
11.83254,45.73263,ROSSOSTOP@50
11.83343,45.56345,ROSSOSTOP@50
11.83570,44.51279,ROSSOSTOP
11.83757,46.18011,PHOTORED@50
11.84040,44.30312,T-RED@50
11.84089,42.03240,T-RED
11.84567,45.47862,PHOTORED VISTARED
11.84721,42.03250,T-RED
11.85538,44.50412,ROSSOSTOP@50
11.85676,45.45576,VISTARED
11.85771,45.59131,PHOTORED
11.86158,45.41156,PHOTORED
11.86165,44.41453,ROSSOSTOP@50
11.86354,42.03504,T-RED
11.86392,44.27991,PHOTORED
11.86396,44.41838,ROSSOSTOP@50
11.87065,46.01294,PHOTORED
11.87151,45.39847,PHOTORED
11.87446,45.54076,PHOTORED
11.87697,44.29024,PHOTORED@50
11.88191,45.68943,PHOTORED
11.88224,44.46059,ROSSOSTOP@50
11.88819,44.44503,ROSSOSTOP@50
11.89291,45.54063,PHOTORED
11.89303,44.98808,PHOTORED@50
11.89620,44.28139,PHOTORED FTR RH
11.90047,45.53595,PHOTORED@50
11.91086,44.50460,ROSSOSTOP@50
11.91179,45.64880,ROSSOSTOP@50
11.91401,45.31606,PHOTORED
11.91821,45.67572,ROSSOSTOP@50
11.91950,45.68093,PHOTORED
11.92093,45.78961,PHOTORED
11.92102,45.60762,PHOTORED
11.92922,45.56111,PHOTORED
11.93020,46.05891,PHOTORED@50
11.93075,45.56575,PHOTORED
11.93120,44.53871,ROSSOSTOP@50
11.93693,44.54521,ROSSOSTOP@50
11.93906,44.43146,ROSSOSTOP@50
11.95156,42.02500,T-RED
11.95528,45.63393,PHOTORED
11.95536,45.68583,PHOTORED
11.96030,45.66384,ROSSOSTOP@50
11.96481,45.53095,PHOTORED
11.96581,45.79409,PHOTORED@70
11.96842,45.49060,PHOTORED
11.97140,45.67604,ROSSOSTOP@50
11.97421,44.41395,PHOTORED FTR RH
11.97539,45.50908,PHOTORED@50
11.98237,45.52774,PHOTORED
11.98623,45.71245,ROSSOSTOP@50
11.99507,45.83496,ROSSOSTOP@50
11.99623,45.27949,ROSSOSTOP
11.99713,45.83367,ROSSOSTOP@50
11.99756,46.38715,ROSSOSTOP@50
11.99828,45.61527,PHOTORED
11.99899,45.83364,ROSSOSTOP@50
12.00013,45.77907,ROSSOSTOP@50
12.00343,45.57801,ROSSOSTOP@50
12.00461,45.41019,VISTARED
12.01307,46.39797,PHOTORED
12.01474,45.55497,T-RED
12.01793,45.68659,PHOTORED
12.01798,45.41275,VISTARED
12.01871,43.01597,PHOTORED
12.02195,45.77009,ROSSOSTOP@50
12.02208,45.34080,VISTARED
12.02466,44.50780,PHOTORED
12.02614,43.54407,ROSSOSTOP
12.02699,44.22708,PHOTORED
12.03160,45.45912,PHOTORED
12.03535,44.18702,PHOTORED
12.04544,44.21453,PHOTORED
12.04601,45.77209,ROSSOSTOP
12.05001,45.46234,PHOTORED
12.05092,42.52350,PHOTORED
12.05135,44.20898,PHOTORED
12.05269,42.53083,ROSSOSTOP@50
12.05316,44.21128,PHOTORED
12.05452,41.98302,EnVES EVO MVD 1605@60
12.05499,41.98285,EnVES EVO MVD 1605@60
12.05638,44.21558,PHOTORED
12.05955,44.21954,PHOTORED
12.06541,41.97863,EnVES EVO MVD 1605@60
12.06573,41.97851,EnVES EVO MVD 1605@60
12.07399,45.43971,PHOTORED
12.07688,45.60224,ROSSOSTOP@50
12.08072,45.21665,PHOTORED
12.08203,45.33650,VISTARED
12.08379,45.63238,PHOTORED
12.09217,45.49402,PHOTORED
12.09517,46.11098,ROSSOSTOP@50
12.09970,45.67854,PHOTORED@50
12.10795,45.74921,PHOTORED
12.11052,45.57197,PHOTORED
12.11230,45.54344,PHOTORED@50
12.11266,45.56985,PHOTORED
12.11612,45.95214,ROSSOSTOP@50
12.12074,45.43345,VISTARED
12.12644,42.13211,PHOTORED
12.12672,42.13124,PHOTORED
12.13172,43.57195,PHOTORED
12.13720,42.15496,ROSSOSTOP@50
12.13782,42.15567,ROSSOSTOP
12.13969,45.44005,VISTARED
12.14470,45.78622,PHOTORED
12.14614,45.56847,ROSSOSTOP@50
12.15321,45.67256,T-RED
12.15428,45.54289,PHOTORED
12.15473,45.47719,PHOTORED
12.15500,45.54693,PHOTORED
12.16469,45.79248,PHOTORED
12.16555,45.67205,PHOTORED
12.16674,45.64517,PHOTORED
12.17019,42.25885,PHOTORED
12.17105,44.43962,PHOTORED@50
12.17108,45.64662,PHOTORED
12.17533,44.16630,PHOTORED
12.17982,45.89588,ROSSOSTOP@30
12.18144,45.90079,ROSSOSTOP@50
12.18601,45.69737,PHOTORED
12.18805,44.69564,ROSSOSTOP@50
12.19059,44.40427,PHOTORED
12.19228,44.69370,ROSSOSTOP@50
12.19692,43.95996,ROSSOSTOP@50
12.19998,41.91606,PHOTORED
12.20093,41.91544,PHOTORED
12.20272,46.14386,ROSSOSTOP
12.20423,45.71303,PHOTORED
12.20438,44.01174,ROSSOSTOP@50
12.20456,44.02180,ROSSOSTOP@50
12.20479,44.02479,ROSSOSTOP@50
12.20581,45.51622,PHOTORED@50
12.20980,45.48502,PHOTORED
12.21020,45.82562,VISTARED RH
12.21260,45.51188,PHOTORED@50
12.21359,44.71978,PHOTORED
12.21440,44.39270,ROSSOSTOP@50
12.21475,42.67424,PHOTORED@50
12.21479,44.37794,SIRIO RED
12.21899,46.15478,ROSSOSTOP@50
12.21928,42.67203,PHOTORED@50
12.22310,45.46096,PHOTORED
12.22993,45.55846,PHOTORED
12.23015,45.55857,PHOTORED
12.23046,46.16212,ROSSOSTOP@50
12.23221,45.48268,PHOTORED
12.23461,45.55856,PHOTORED
12.23505,45.56144,PHOTORED
12.23813,45.50797,PHOTORED@50
12.23871,45.47953,PHOTORED
12.23930,45.53568,PHOTORED
12.24629,45.64101,ROSSOSTOP@50
12.25144,45.75805,PHOTORED
12.25241,45.69380,PHOTORED
12.25292,45.48525,PHOTORED@50
12.25565,45.48654,PHOTORED@50
12.25948,45.71263,PHOTORED
12.26303,45.51011,PHOTORED
12.26720,45.14580,PHOTORED
12.26732,41.76231,PHOTORED
12.29494,45.48682,PHOTORED
12.29636,45.48714,PHOTORED
12.29668,44.00122,ROSSOSTOP
12.29712,44.00173,ROSSOSTOP
12.30237,45.86177,PHOTORED
12.30752,43.91753,ROSSOSTOP@50
12.31913,43.92595,ROSSOSTOP@50
12.32167,45.93224,PHOTORED
12.32799,41.72279,VISTARED RH
12.32944,45.90185,PHOTORED
12.33337,44.10524,PHOTORED
12.33648,43.64564,ROSSOSTOP@50
12.34156,43.93618,ROSSOSTOP@50
12.34269,43.93570,ROSSOSTOP@50
12.35777,41.74567,VISTARED RH
12.36534,45.61545,T-RED@50
12.36625,43.10710,PHOTORED
12.36715,43.09250,PHOTORED
12.36972,41.75500,VISTARED RH
12.37832,43.10858,PHOTORED
12.38306,41.76528,VISTARED RH
12.38341,43.11500,PHOTORED
12.38425,43.10959,PHOTORED
12.38429,43.09674,PHOTORED
12.38647,44.02782,ROSSOSTOP@50
12.38772,44.03121,ROSSOSTOP@50
12.38797,43.09788,PHOTORED
12.39116,44.08900,ROSSOSTOP
12.39215,43.09591,PHOTORED
12.39867,44.09370,PHOTORED@50
12.39951,43.11498,PHOTORED
12.39961,45.72732,PHOTORED@50
12.40880,44.01545,ROSSOSTOP@50
12.42541,41.90293,ROSSOSTOP@50
12.42562,41.92523,PHOTORED
12.42914,41.89529,ROSSOSTOP@50
12.42918,41.89576,PHOTORED
12.42964,44.04508,ROSSOSTOP@50
12.43204,41.64601,ROSSOSTOP
12.43339,44.05153,ROSSOSTOP@50
12.43744,41.89365,VISTARED RH
12.43793,41.89465,VISTARED RH
12.43807,44.04323,ROSSOSTOP@50
12.43871,44.04428,ROSSOSTOP@50
12.43872,43.98216,ROSSOSTOP@50
12.44156,45.55932,ROSSOSTOP@50
12.44226,43.98117,ROSSOSTOP@50
12.44484,41.63550,ROSSOSTOP
12.44958,44.06525,PHOTORED
12.45115,44.01779,ROSSOSTOP@50
12.45355,44.02036,ROSSOSTOP@50
12.45660,41.90025,PHOTORED
12.45753,43.91809,PHOTORED
12.46250,41.86777,PHOTORED
12.46539,45.71601,ROSSOSTOP@50
12.47100,41.85840,PHOTORED
12.47769,41.62954,ROSSOSTOP@50
12.47937,41.60534,PHOTORED
12.48287,41.60222,PHOTORED
12.48490,42.74665,PHOTORED
12.48493,45.67833,PHOTORED@50
12.49464,41.63378,ROSSOSTOP@50
12.49521,44.12218,ROSSOSTOP@50
12.49643,41.86714,PHOTORED
12.50460,41.88703,PHOTORED
12.51053,41.88463,PHOTORED
12.51496,45.46501,PHOTORED
12.51619,41.92887,PHOTORED
12.51630,41.92932,PHOTORED
12.53398,44.08504,PHOTORED@50
12.53789,41.86913,VISTARED RH
12.53813,41.86914,VISTARED RH
12.54184,41.89282,PHOTORED
12.54222,41.88022,PHOTORED
12.55014,43.07527,PHOTORED
12.55447,44.05289,PHOTORED@50
12.56103,44.03494,PHOTORED
12.56271,41.73573,PHOTORED
12.56925,44.06422,PHOTORED@50
12.56976,41.85246,VISTARED RH
12.56976,45.62703,PHOTORED@30
12.57138,41.85593,ROSSOSTOP
12.57179,44.06663,EnVES EVO MVD 1505@30
12.57584,41.89476,PHOTORED
12.57607,43.91899,ROSSOSTOP@70
12.58162,45.63079,PHOTORED@50
12.58218,44.05414,VISTARED RH
12.58247,42.10197,PHOTORED
12.58526,45.62900,PHOTORED
12.58686,37.67382,PHOTORED
12.58876,41.49980,PHOTORED
12.59340,44.04719,VISTARED@50
12.60113,44.04051,PHOTORED@50
12.60330,45.77573,PHOTORED
12.60537,43.07058,ROSSOSTOP@50
12.61136,45.96883,PHOTORED
12.61195,43.04536,PHOTORED
12.61255,44.03887,PHOTORED@50
12.62108,42.98801,T-RED@50
12.62335,46.01332,PHOTORED
12.62594,45.96791,VISTARED
12.62643,45.96799,VISTARED
12.62647,45.96771,PHOTORED
12.63431,42.23963,T-RED@50
12.63521,41.82340,PHOTORED
12.63559,41.82336,PHOTORED
12.63560,42.00838,PHOTORED
12.63718,45.68386,PHOTORED
12.63959,42.55840,PHOTORED
12.64420,42.55282,PHOTORED
12.65001,41.45572,PHOTORED
12.65475,45.96291,PHOTORED
12.65624,42.56491,PHOTORED
12.66528,43.81671,ROSSOSTOP RH@50
12.68639,43.97896,PHOTORED
12.68722,45.71259,PHOTORED
12.71308,43.78584,ROSSOSTOP@50
12.74258,43.51555,ROSSOSTOP@50
12.74991,43.29103,VISTARED RH
12.78370,43.88467,ROSSOSTOP@50
12.80326,43.55162,ROSSOSTOP@50
12.80346,43.68883,VISTARED RH
12.80885,43.85334,PHOTORED RH e ROSSOSTOP@50
12.81095,43.85389,PHOTORED RH e ROSSOSTOP@50
12.81516,43.69147,VISTARED RH
12.82504,43.52040,ROSSOSTOP@50
12.82974,43.89458,ROSSOSTOP@30
12.82984,43.86341,ROSSOSTOP@50
12.83520,43.54760,ROSSOSTOP@50
12.84187,45.95491,PHOTORED
12.84292,43.86819,ROSSOSTOP@50
12.84773,43.44897,PHOTORED
12.85216,43.43610,PHOTORED
12.85284,43.42789,PHOTORED
12.85400,45.91640,PHOTORED
12.85674,42.40837,PHOTORED
12.85675,43.42785,ROSSOSTOP@50
12.85855,42.39727,PHOTORED
12.86377,43.43375,ROSSOSTOP@50
12.86606,43.43996,ROSSOSTOP@50
12.86656,43.44080,ROSSOSTOP@50
12.86950,41.45418,PHOTORED
12.87154,42.40496,PHOTORED
12.88416,42.41030,PHOTORED
12.89921,41.45977,PHOTORED VISTARED
12.90268,43.43869,PHOTORED
12.90678,41.45115,PHOTORED
12.90757,45.77917,PHOTORED@50
12.90835,43.43327,ROSSOSTOP@50
12.91547,41.74615,PHOTORED
12.91576,43.91218,PHOTORED
12.92045,41.76836,PHOTORED
12.93505,43.85829,ROSSOSTOP@50
12.93544,43.73971,ROSSOSTOP@50
12.93814,46.08498,PHOTORED
12.96772,43.73155,ROSSOSTOP@50
12.97926,43.40576,ROSSOSTOP@50
12.97941,43.72376,ROSSOSTOP@50
12.98539,43.71385,ROSSOSTOP@50
13.00973,43.25384,PHOTORED
13.00984,43.84837,PHOTORED
13.04362,43.08216,ROSSOSTOP
13.04362,43.08263,ROSSOSTOP
13.04792,43.65348,ROSSOSTOP@50
13.05244,43.64636,ROSSOSTOP@50
13.06818,43.21916,PHOTORED
13.08195,45.80379,PHOTORED
13.10069,43.74984,ROSSOSTOP@50
13.13047,46.09210,PHOTORED@50
13.13199,43.39040,ROSSOSTOP@50
13.13286,43.39224,ROSSOSTOP@50
13.13825,42.51139,ROSSOSTOP
13.14011,42.50843,ROSSOSTOP@50
13.15311,46.19432,ROSSOSTOP@50
13.15868,46.18879,ROSSOSTOP@50
13.16422,46.18578,ROSSOSTOP@50
13.16755,43.48880,ROSSOSTOP@50
13.17665,43.48989,ROSSOSTOP@50
13.18560,43.24060,ROSSOSTOP
13.19200,43.26530,ROSSOSTOP
13.19379,43.25619,ROSSOSTOP
13.19437,43.26063,ROSSOSTOP
13.20914,43.39804,ROSSOSTOP@50
13.21739,43.52763,ROSSOSTOP@50
13.21816,43.37572,ROSSOSTOP@50
13.23888,43.52904,ROSSOSTOP@50
13.25578,43.37767,ROSSOSTOP@50
13.26590,43.18874,ROSSOSTOP
13.26836,43.53821,ROSSOSTOP@50
13.26902,43.53892,ROSSOSTOP
13.27275,43.34588,PHOTORED
13.27564,46.14315,ROSSOSTOP@50
13.27602,43.20532,ROSSOSTOP
13.27784,43.21135,ROSSOSTOP
13.27840,43.20808,ROSSOSTOP
13.28179,43.20888,ROSSOSTOP
13.28248,43.20506,ROSSOSTOP
13.28767,43.20770,ROSSOSTOP
13.29214,43.21052,ROSSOSTOP
13.29767,43.21159,ROSSOSTOP
13.30079,43.21389,ROSSOSTOP
13.31309,43.49546,ROSSOSTOP@50
13.31538,43.59727,ROSSOSTOP@50
13.31835,46.07069,ROSSOSTOP@50
13.32258,43.59687,ROSSOSTOP
13.32258,46.07150,ROSSOSTOP
13.32286,43.33608,ROSSOSTOP@50
13.32367,43.28162,ROSSOSTOP@50
13.32709,43.60390,ROSSOSTOP@50
13.32750,43.60194,ROSSOSTOP
13.32968,43.28353,PHOTORED
13.33164,43.28561,ROSSOSTOP@50
13.33895,45.95344,ROSSOSTOP@50
13.34065,43.49724,ROSSOSTOP@50
13.34072,43.64632,ROSSOSTOP@50
13.34096,45.95073,ROSSOSTOP@50
13.34245,43.49801,ROSSOSTOP@50
13.34335,43.36037,ROSSOSTOP@50
13.34443,43.36108,ROSSOSTOP@50
13.34561,43.64969,PHOTORED@50
13.34741,46.06539,ROSSOSTOP@50
13.34942,43.36130,PHOTORED
13.35189,41.69013,PHOTORED
13.35368,41.34754,PHOTORED
13.35514,43.42055,PHOTORED
13.36083,43.58805,ROSSOSTOP
13.36555,43.60609,ROSSOSTOP
13.36896,41.28931,PHOTORED
13.37259,43.44176,ROSSOSTOP@50
13.37625,43.44210,ROSSOSTOP@50
13.37668,43.54011,PHOTORED@50
13.37833,43.54167,PHOTORED@50
13.38265,43.19389,PHOTORED
13.38339,43.19526,ROSSOSTOP@50
13.38360,43.62527,ROSSOSTOP
13.38766,45.98557,ROSSOSTOP
13.38813,43.53982,PHOTORED@50
13.38873,43.54537,ROSSOSTOP@50
13.38930,43.56647,ROSSOSTOP@50
13.39093,45.86720,ROSSOSTOP@50
13.39389,43.09710,ROSSOSTOP
13.39684,43.52337,ROSSOSTOP@50
13.39757,43.52346,ROSSOSTOP@50
13.39966,45.87995,ROSSOSTOP@50
13.40502,43.52200,ROSSOSTOP@50
13.40785,43.25287,ROSSOSTOP@50
13.41782,41.27295,PHOTORED
13.41914,43.25760,ROSSOSTOP@50
13.42520,43.57341,ROSSOSTOP@50
13.42634,43.61776,ROSSOSTOP@50
13.43009,43.29792,ROSSOSTOP@50
13.43319,43.34518,ROSSOSTOP
13.43339,46.08951,PHOTORED
13.43642,42.03811,PHOTORED
13.44012,46.00040,ROSSOSTOP@50
13.44788,43.44873,PHOTORED
13.44976,43.44683,ROSSOSTOP@50
13.45138,43.28655,ROSSOSTOP@50
13.45310,43.60395,PHOTORED
13.45349,43.34502,ROSSOSTOP
13.45869,43.34712,ROSSOSTOP
13.46381,43.60530,ROSSOSTOP@50
13.46607,43.46854,PHOTORED
13.47337,43.46504,ROSSOSTOP@50
13.47466,43.47843,ROSSOSTOP@50
13.47680,43.47920,ROSSOSTOP@50
13.47729,43.48621,ROSSOSTOP@50
13.47739,43.48460,ROSSOSTOP@50
13.48621,43.60191,ROSSOSTOP@50
13.48693,43.60589,ROSSOSTOP@50
13.49034,43.48619,PHOTORED
13.49044,43.60341,ROSSOSTOP@50
13.49083,43.56753,PHOTORED
13.49178,43.48958,ROSSOSTOP@50
13.49356,43.49040,ROSSOSTOP@50
13.49520,43.46009,ROSSOSTOP@50
13.49570,43.49089,ROSSOSTOP@50
13.49689,43.49597,ROSSOSTOP
13.49732,43.50130,ROSSOSTOP
13.49779,43.52106,ROSSOSTOP
13.49859,43.49068,PHOTORED
13.49980,43.10078,ROSSOSTOP@50
13.50271,43.48004,ROSSOSTOP
13.50747,45.94150,ROSSOSTOP@50
13.50990,43.47502,ROSSOSTOP
13.51006,43.55263,ROSSOSTOP@50
13.51251,43.47359,ROSSOSTOP
13.51348,43.61611,ROSSOSTOP@50
13.51765,43.56170,ROSSOSTOP@50
13.51785,42.20906,ROSSOSTOP@50
13.51838,43.58972,ROSSOSTOP@50
13.52446,43.61590,PHOTORED
13.53686,43.45977,ROSSOSTOP
13.54280,43.52750,PHOTORED
13.54868,43.10670,ROSSOSTOP@50
13.54926,43.49615,ROSSOSTOP@50
13.55429,43.37091,PHOTORED
13.55637,43.52200,PHOTORED
13.55798,43.52290,ROSSOSTOP@50
13.55860,43.52204,ROSSOSTOP@50
13.56958,43.11757,ROSSOSTOP@50
13.58001,43.46193,PHOTORED
13.58214,43.45948,PHOTORED
13.58583,41.24929,ROSSOSTOP
13.60105,42.84924,PHOTORED
13.61257,43.43629,ROSSOSTOP@50
13.61491,43.43642,ROSSOSTOP@50
13.61651,43.52333,ROSSOSTOP@40
13.61713,45.93758,ROSSOSTOP
13.61799,43.48655,ROSSOSTOP@50
13.62151,43.48510,ROSSOSTOP@50
13.62387,43.13194,ROSSOSTOP@50
13.62583,43.13340,ROSSOSTOP@50
13.63018,43.09164,ROSSOSTOP
13.63911,43.21985,ROSSOSTOP@50
13.64945,43.28731,PHOTORED
13.66662,43.23718,PHOTORED
13.66762,43.16349,ROSSOSTOP@50
13.66842,43.32237,ROSSOSTOP@50
13.67555,45.74724,ROSSOSTOP@50
13.69402,45.73572,PHOTORED
13.70318,41.25761,PHOTORED
13.70678,43.16672,ROSSOSTOP@50
13.71716,43.20901,ROSSOSTOP
13.71842,43.29600,ROSSOSTOP@50
13.72243,43.17478,ROSSOSTOP@50
13.73031,41.25126,PHOTORED
13.73229,43.16700,ROSSOSTOP@50
13.74074,41.24876,PHOTORED
13.74436,43.20381,ROSSOSTOP@50
13.75754,43.18876,ROSSOSTOP@50
13.76482,43.19321,ROSSOSTOP@50
13.77064,43.22584,ROSSOSTOP
13.78165,43.21027,PHOTORED
13.78785,43.19337,ROSSOSTOP@50
13.79067,43.18718,PHOTORED
13.79311,43.18022,PHOTORED
13.79938,43.16734,ROSSOSTOP
13.80399,45.68112,ROSSOSTOP@50
13.82968,43.10381,PHOTORED
13.83580,45.66126,ROSSOSTOP@50
13.83874,41.49010,PHOTORED
13.84052,45.65628,ROSSOSTOP@50
13.84448,43.09366,ROSSOSTOP@50
13.85060,42.89789,PHOTORED
13.86833,42.99428,ROSSOSTOP
13.86946,42.99737,ROSSOSTOP
13.88055,42.95265,PHOTORED
13.88212,42.88906,ROSSOSTOP
13.88362,41.46632,PHOTORED
13.90735,42.88867,PHOTORED
13.91216,42.88765,PHOTORED
13.91577,42.84845,PHOTORED
13.91936,42.86998,PHOTORED
13.92024,42.04985,PHOTORED
13.92854,42.04814,PHOTORED
13.93628,42.80237,PHOTORED@50
13.95912,42.76155,PHOTORED@50
13.97044,42.73770,PHOTORED@50
13.98818,42.26666,T-RED@50
14.02089,41.08102,PHOTORED
14.02348,41.07720,PHOTORED
14.03069,40.91779,PHOTORED
14.04116,40.93107,PHOTORED
14.04140,40.93152,PHOTORED
14.04474,37.49061,PHOTORED
14.04799,41.05235,PHOTORED
14.05317,42.30397,PHOTORED
14.06000,40.90488,PHOTORED
14.07125,41.01026,PHOTORED RH
14.08164,41.00688,PHOTORED
14.10303,41.09090,PHOTORED
14.11124,42.52002,PHOTORED
14.11772,42.54946,PHOTORED@50
14.11892,42.48592,PHOTORED@50
14.11907,42.48610,PHOTORED@50
14.12983,42.51504,ROSSOSTOP@50
14.13006,40.82950,PHOTORED
14.13608,37.41695,PHOTORED
14.14276,42.50988,PHOTORED
14.14622,42.50841,PHOTORED
14.15480,42.51249,PHOTORED
14.16497,42.40812,PHOTORED
14.16847,40.96560,PHOTORED
14.17392,42.49674,PHOTORED
14.17578,40.98555,PHOTORED
14.17657,42.47282,T-RED@40
14.18080,40.99021,PHOTORED
14.18773,42.42832,PHOTORED
14.18881,42.42257,PHOTORED
14.20112,42.47036,T-RED@50
14.20211,42.44739,T-RED@50
14.21247,40.96707,PHOTORED
14.21277,42.45963,T-RED@50
14.21320,42.46416,T-RED@50
14.21350,40.97319,PHOTORED
14.21745,42.44618,T-RED@50
14.21749,40.92856,PHOTORED
14.22539,40.92853,PHOTORED
14.23412,41.59789,PHOTORED
14.23596,40.98594,PHOTORED
14.23927,42.36243,ROSSOSTOP@50
14.23965,42.45458,T-RED@50
14.24026,42.36362,ROSSOSTOP RH@50
14.24364,40.90894,PHOTORED
14.24649,40.83922,PHOTORED
14.25121,41.11225,PHOTORED
14.25800,41.08989,PHOTORED
14.26369,40.94547,PHOTORED
14.27137,40.89758,PHOTORED
14.27610,40.90823,PHOTORED
14.27706,40.90212,PHOTORED
14.27836,40.89319,PHOTORED
14.27902,40.93663,PHOTORED
14.28409,40.94876,PHOTORED
14.28898,40.91161,PHOTORED
14.30449,40.95559,PHOTORED
14.30502,41.08154,PHOTORED
14.30781,40.96786,PHOTORED
14.32494,41.04539,PHOTORED FTR RH
14.32529,41.04996,PHOTORED FTR RH
14.32544,41.05181,PHOTORED FTR RH
14.32950,40.85860,VISTARED
14.33945,41.06412,PHOTORED
14.34381,40.87366,PHOTORED
14.36194,41.06502,PHOTORED
14.36196,41.17865,PHOTORED
14.36250,41.06444,PHOTORED
14.37281,41.12805,PHOTORED
14.39602,41.14122,PHOTORED
14.40451,37.64401,T-RED@50
14.44351,41.02516,PHOTORED
14.45007,41.02544,T RED
14.46205,41.02599,PHOTORED
14.47011,41.00990,PHOTORED
14.49263,41.03062,PHOTORED
14.49545,41.09373,ROSSOSTOP@40
14.49672,40.77681,PHOTORED
14.51236,37.21408,PHOTORED
14.51543,36.94760,PHOTORED
14.51796,37.22263,PHOTORED
14.51869,37.23363,PHOTORED
14.52260,41.21613,PHOTORED
14.52686,37.23136,PHOTORED
14.52700,41.21636,PHOTORED
14.53021,41.21731,PHOTORED
14.53232,40.79655,PHOTORED
14.53362,41.23470,PHOTORED
14.53374,40.94754,PHOTORED
14.53606,40.93989,PHOTORED
14.53829,40.95541,PHOTORED
14.54257,40.80358,PHOTORED
14.54322,40.94164,PHOTORED
14.54412,40.94192,PHOTORED
14.54533,40.80976,PHOTORED
14.54782,40.86803,PHOTORED
14.54910,40.86028,PHOTORED
14.55055,40.88010,PHOTORED
14.55196,40.80729,PHOTORED
14.55268,40.79372,PHOTORED
14.55916,40.90916,PHOTORED
14.57716,41.04410,PHOTORED
14.57805,41.04430,PHOTORED
14.59159,37.78657,T-RED@50
14.62065,41.05515,PHOTORED TRC
14.62117,41.05531,PHOTORED TRC
14.62329,37.03986,PHOTORED
14.63030,37.05418,PHOTORED
14.63358,40.64857,ROSSOSTOP@50
14.71595,42.10270,PHOTORED
14.72595,42.09348,PHOTORED
14.72690,42.09281,PHOTORED
14.77368,41.13331,ROSSOSTOP
14.78703,41.13122,ROSSOSTOP
14.79711,41.12713,ROSSOSTOP
14.80263,41.11798,PHOTORED
14.82396,40.93102,PHOTORED
14.83196,41.09477,PHOTORED TRAFFIPAX@50
14.83437,41.09127,PHOTORED
14.85134,42.03410,PHOTORED FTR RH
14.87028,40.85697,PHOTORED
14.87911,40.85592,PHOTORED
14.97638,40.45000,PHOTORED
14.97774,40.68695,ROSSOSTOP@50
15.00638,40.45581,PHOTORED
15.04604,37.51501,ROSSOSTOP
15.07764,37.52580,Semaforo a scendere circonvallazione CT
15.07790,37.52596,ROSSOSTOP
15.07801,37.52605,Semaforo a salire circonvallazione CT
15.08703,37.52800,ROSSOSTOP
15.08715,37.52807,Semaforo a salire prima di ESSO circonvallazione CT
15.15958,41.91997,PHOTORED FTR RH
15.30489,37.88014,PHOTORED
15.52920,38.15016,PHOTORED
15.52964,38.15072,PHOTORED
15.54844,41.45319,PHOTORED
15.55426,38.20881,PHOTORED
15.55618,38.18703,PHOTORED
15.55628,38.19025,PHOTORED
15.55716,38.19723,PHOTORED
15.59062,40.36206,ROSSOSTOP
15.63980,38.09851,PHOTORED
15.64202,38.10162,PHOTORED
15.64205,38.10132,PHOTORED
15.65109,38.09447,PHOTORED
15.65222,38.11638,PHOTORED
15.65242,40.88130,PHOTORED
15.65417,38.02415,PHOTORED
15.65542,38.11772,PHOTORED
15.67313,40.03709,ROSSOSTOP@50
15.71153,41.41978,PHOTORED
15.73083,41.70167,PHOTORED
15.73129,41.70112,PHOTORED
15.77835,39.89986,PHOTORED
15.78455,41.04482,PHOTORED
15.79859,41.05401,PHOTORED
15.80437,40.95878,PHOTORED
15.81313,40.96509,T-RED
15.88569,41.21493,TEAS
15.89302,41.61213,PHOTORED F17D
15.89309,41.25994,PHOTORED
15.90103,41.63767,PHOTORED F17D
15.90145,41.61864,PHOTORED F17D
15.92595,41.63723,PHOTORED F17D RH
16.07081,39.13468,T-Red@50
16.07091,39.12913,T-Red@50
16.07100,39.13058,T-Red@50
16.07129,39.13214,T-Red@50
16.09249,39.06743,PHOTORED
16.09249,39.06747,T-Red@50
16.11279,38.68353,PHOTORED RH
16.26047,38.23824,PHOTORED
16.28163,41.22105,PHOTORED RH
16.28719,41.21937,PHOTORED RH
16.29431,41.24026,PHOTORED
16.29488,41.23280,PHOTORED
16.30895,41.23490,PHOTORED
16.31027,38.28046,PHOTORED@50
16.31048,41.22660,PHOTORED TRAFFIPAX
16.31257,41.30823,PHOTORED
16.31450,38.96856,PHOTORED
16.31654,38.96882,PHOTORED
16.37904,41.28673,PHOTORED
16.40875,41.27283,PHOTORED
16.41897,41.25166,PHOTORED F17D
16.41956,41.25938,PHOTORED F17D
16.42432,40.81681,PHOTORED
16.43889,41.26622,PHOTORED F17D
16.46969,41.25155,PHOTORED F17D
16.47516,41.25020,PHOTORED
16.49491,41.23951,T-RED
16.52380,40.82480,PHOTORED
16.52877,41.22987,PHOTORED
16.53577,41.12923,PHOTORED
16.54060,41.22562,PHOTORED
16.54352,40.81854,PHOTORED
16.56312,40.83109,PHOTORED
16.56814,38.77939,PHOTORED
16.70513,41.11279,PHOTORED
16.75787,40.58344,ROSSOSTOP@70
16.76227,38.90527,PHOTORED
16.82755,40.36606,PHOTORED
16.87905,40.44162,PHOTORED
16.88225,41.05250,PHOTORED
16.88261,41.05564,PHOTORED
16.88270,41.05899,PHOTORED
17.10766,39.30359,T-RED
17.10825,39.31052,PHOTORED
17.26750,40.45386,PHOTORED
17.26805,40.45460,PHOTORED F17D
17.34258,40.56363,PHOTORED
17.34733,40.80659,PHOTORED
17.35788,40.37102,PHOTORED
17.35976,40.37071,PHOTORED
17.36246,40.83575,PHOTORED
17.36305,40.44591,PHOTORED
17.36567,40.36285,PHOTORED
17.36590,40.43938,PHOTORED
17.36783,40.35634,PHOTORED
17.37489,40.34922,PHOTORED
17.37735,40.50096,PHOTORED
17.51895,40.64903,PHOTORED
17.52165,40.63776,PHOTORED
17.54902,40.30004,PHOTORED
17.56206,40.40468,PHOTORED
17.56571,40.30609,PHOTORED
17.56726,40.40436,PHOTORED
17.91988,40.45077,PHOTORED
17.93142,40.62620,PHOTORED
17.93176,40.62637,PHOTORED
17.93818,40.62965,PHOTORED
17.98703,40.48728,PHOTORED
17.98870,40.49127,PHOTORED
17.99279,40.05594,PHOTORED
17.99860,40.47968,PHOTORED
18.00427,40.05728,PHOTORED
18.01122,40.40012,PHOTORED
18.01335,40.08536,PHOTORED
18.01454,40.05785,PHOTORED
18.01552,39.97343,PHOTORED
18.01555,40.05793,PHOTORED
18.01858,40.15374,ROSSOSTOP@50
18.02266,40.40021,PHOTORED
18.02578,40.40298,PHOTORED
18.03566,40.44142,PHOTORED
18.06150,40.14686,PHOTORED
18.06584,40.14071,PHOTORED
18.06882,40.36553,PHOTORED V-RED
18.07392,40.15704,PHOTORED
18.07809,39.98699,PHOTORED
18.07951,40.14876,PHOTORED
18.09115,39.97930,PHOTORED
18.09647,39.95747,PHOTORED
18.12613,40.39089,PHOTORED
18.13314,40.38803,PHOTORED
18.13909,40.12940,PHOTORED
18.13951,40.12937,PHOTORED
18.14081,40.05209,PHOTORED
18.14495,40.38483,PHOTORED
18.15462,40.06593,PHOTORED
18.16180,40.31222,PHOTORED
18.16749,40.00247,PHOTORED@50
18.16810,40.33766,PHOTORED
18.16815,40.33791,PHOTORED
18.17117,40.07195,PHOTORED
18.17521,40.36274,TRAFFIPHOT
18.17661,40.36238,TRAFFIPHOT
18.17916,40.33433,PHOTORED
18.18259,40.01432,PHOTORED@50
18.18478,40.34785,PHOTORED
18.18823,40.36148,TRAFFIPHOT III-SR RH
18.18825,40.36163,TRAFFIPHOT III-SR RH
18.19816,40.14989,V-RED RH@50
18.20106,40.14555,V-RED RH@50
18.21230,40.31496,PHOTORED
18.25299,39.90649,PHOTORED
18.25659,39.90470,PHOTORED
18.26663,39.90581,PHOTORED
18.26685,39.89827,PHOTORED
18.30434,40.29216,PHOTORED FTR
18.30519,39.96497,PHOTORED
18.30904,40.36930,PHOTORED FTR
18.31005,40.36816,PHOTORED
18.31898,40.35283,PHOTORED
18.32395,39.98015,PHOTORED RH F17A
18.32494,39.97703,PHOTORED F17A RH
18.33387,39.89376,PHOTORED TRAFFIPHOT RH
18.34068,39.87530,PHOTORED TRAFFIPHOT RH
18.34406,40.27916,PHOTORED FTR RH
18.34576,39.79247,PHOTORED
18.35660,39.83492,PHOTORED
18.38840,40.04831,PHOTORED
18.38870,40.03580,PHOTORED
18.39664,40.30715,PHOTORED FTR RH
18.40733,40.04113,PHOTORED
18.41109,40.01868,PHOTORED
18.41249,40.04129,PHOTORED
18.42145,40.29294,VISTARED
18.44056,40.06346,PHOTORED
